name,type,category,population
Afghanistan,1,Afghanistan,10752971
Afghanistan,1,Asia,2134153319
Afghanistan,2,Afghanistan,12486631
Afghanistan,2,Asia,2622847597
Afghanistan,3,Afghanistan,10694796
Afghanistan,3,Asia,3199868781
Afghanistan,4,Afghanistan,19542982
Afghanistan,4,Asia,3715546622
Afghanistan,5,Afghanistan,28189672
Afghanistan,5,Asia,4191851655
Afghanistan,6,Afghanistan,33753499
Afghanistan,6,Asia,4424496683
Afghanistan,7,Afghanistan,38972230
Afghanistan,7,Asia,4624114305
Albania,1,Albania,2324731
Albania,1,Europe,653599260
Albania,2,Albania,2941651
Albania,2,Europe,689585508
Albania,3,Albania,3295066
Albania,3,Europe,717025731
Albania,4,Albania,3182021
Albania,4,Europe,722911402
Albania,5,Albania,2913399
Albania,5,Europe,732700535
Albania,6,Albania,2882481
Albania,6,Europe,738653127
Albania,7,Albania,2866849
Albania,7,Europe,742925347
Algeria,1,Algeria,13795915
Algeria,1,Africa,351648433
Algeria,2,Algeria,18739378
Algeria,2,Africa,462796999
Algeria,3,Algeria,25518074
Algeria,3,Africa,612632555
Algeria,4,Algeria,30774621
Algeria,4,Africa,788171411
Algeria,5,Algeria,35856344
Algeria,5,Africa,1019371728
Algeria,6,Algeria,39543154
Algeria,6,Africa,1161559288
Algeria,7,Algeria,43451666
Algeria,7,Africa,1317220144
American Samoa,1,American Samoa,27075
American Samoa,1,Oceania,19453195
American Samoa,2,American Samoa,32886
American Samoa,2,Oceania,22887354
American Samoa,3,American Samoa,47818
American Samoa,3,Oceania,26696004
American Samoa,4,American Samoa,58230
American Samoa,4,Oceania,31164548
American Samoa,5,American Samoa,54849
American Samoa,5,Oceania,37047915
American Samoa,6,American Samoa,51368
American Samoa,6,Oceania,40351915
American Samoa,7,American Samoa,46189
American Samoa,7,Oceania,43887237
Andorra,1,Andorra,19860
Andorra,1,Europe,655904131
Andorra,2,Andorra,35611
Andorra,2,Europe,692491548
Andorra,3,Andorra,53569
Andorra,3,Europe,720267228
Andorra,4,Andorra,66097
Andorra,4,Europe,726027326
Andorra,5,Andorra,71519
Andorra,5,Europe,735542415
Andorra,6,Andorra,71746
Andorra,6,Europe,741463862
Andorra,7,Andorra,77700
Andorra,7,Europe,745714496
Angola,1,Angola,6029700
Angola,1,Africa,359414648
Angola,2,Angola,8330047
Angola,2,Africa,473206330
Angola,3,Angola,11828638
Angola,3,Africa,626321991
Angola,4,Angola,16394062
Angola,4,Africa,802551970
Angola,5,Angola,23364185
Angola,5,Africa,1031863887
Angola,6,Angola,28127721
Angola,6,Africa,1172974721
Angola,7,Angola,33428485
Angola,7,Africa,1327243325
Anguilla,1,Anguilla,6283
Anguilla,1,North America,315428323
Anguilla,2,Anguilla,6560
Anguilla,2,North America,368286801
Anguilla,3,Anguilla,8316
Anguilla,3,North America,421258109
Anguilla,4,Anguilla,11047
Anguilla,4,North America,486058537
Anguilla,5,Anguilla,13172
Anguilla,5,North America,542707479
Anguilla,6,Anguilla,14525
Anguilla,6,North America,570369325
Anguilla,7,Anguilla,15585
Anguilla,7,North America,594221008
Antigua and Barbuda,1,Antigua and Barbuda,64516
Antigua and Barbuda,1,North America,315370090
Antigua and Barbuda,2,Antigua and Barbuda,64888
Antigua and Barbuda,2,North America,368228473
Antigua and Barbuda,3,Antigua and Barbuda,63328
Antigua and Barbuda,3,North America,421203097
Antigua and Barbuda,4,Antigua and Barbuda,75055
Antigua and Barbuda,4,North America,485994529
Antigua and Barbuda,5,Antigua and Barbuda,85695
Antigua and Barbuda,5,North America,542634956
Antigua and Barbuda,6,Antigua and Barbuda,89941
Antigua and Barbuda,6,North America,570293909
Antigua and Barbuda,7,Antigua and Barbuda,92664
Antigua and Barbuda,7,North America,594143929
Argentina,1,Argentina,23842803
Argentina,1,South America,169104353
Argentina,2,Argentina,28024803
Argentina,2,South America,213764203
Argentina,3,Argentina,32637657
Argentina,3,South America,264508758
Argentina,4,Argentina,37070774
Argentina,4,South America,312563508
Argentina,5,Argentina,41100123
Argentina,5,South America,351978127
Argentina,6,Argentina,43257065
Argentina,6,South America,369877331
Argentina,7,Argentina,45036032
Argentina,7,South America,386494011
Armenia,1,Armenia,2534377
Armenia,1,Asia,2142371913
Armenia,2,Armenia,3135123
Armenia,2,Asia,2632199105
Armenia,3,Armenia,3556539
Armenia,3,Asia,3207007038
Armenia,4,Armenia,3168523
Armenia,4,Asia,3731921081
Armenia,5,Armenia,2946293
Armenia,5,Asia,4217095034
Armenia,6,Armenia,2878595
Armenia,6,Asia,4455371587
Armenia,7,Armenia,2805608
Armenia,7,Asia,4660280927
Aruba,1,Aruba,59106
Aruba,1,North America,315375500
Aruba,2,Aruba,62267
Aruba,2,North America,368231094
Aruba,3,Aruba,65712
Aruba,3,North America,421200713
Aruba,4,Aruba,89101
Aruba,4,North America,485980483
Aruba,5,Aruba,100341
Aruba,5,North America,542620310
Aruba,6,Aruba,104257
Aruba,6,North America,570279593
Aruba,7,Aruba,106585
Aruba,7,North America,594130008
Australia,1,Australia,12595034
Australia,1,Oceania,6885236
Australia,2,Australia,14706322
Australia,2,Oceania,8213918
Australia,3,Australia,17048003
Australia,3,Oceania,9695819
Australia,4,Australia,19017963
Australia,4,Oceania,12204815
Australia,5,Australia,22019168
Australia,5,Oceania,15083596
Australia,6,Australia,23820236
Australia,6,Oceania,16583047
Australia,7,Australia,25670051
Australia,7,Oceania,18263375
Austria,1,Austria,7465301
Austria,1,Europe,648458690
Austria,2,Austria,7547561
Austria,2,Europe,684979598
Austria,3,Austria,7678729
Austria,3,Europe,712642068
Austria,4,Austria,8010428
Austria,4,Europe,718082995
Austria,5,Austria,8362829
Austria,5,Europe,727251105
Austria,6,Austria,8642421
Austria,6,Europe,732893187
Austria,7,Austria,8907777
Austria,7,Europe,736884419
Azerbaijan,1,Azerbaijan,5425317
Azerbaijan,1,Asia,2139480973
Azerbaijan,2,Azerbaijan,6383060
Azerbaijan,2,Asia,2628951168
Azerbaijan,3,Azerbaijan,7427836
Azerbaijan,3,Asia,3203135741
Azerbaijan,4,Azerbaijan,8190337
Azerbaijan,4,Asia,3726899267
Azerbaijan,5,Azerbaijan,9237202
Azerbaijan,5,Asia,4210804125
Azerbaijan,6,Azerbaijan,9863480
Azerbaijan,6,Asia,4448386702
Azerbaijan,7,Azerbaijan,10284951
Azerbaijan,7,Asia,4652801584
Bahamas,1,Bahamas,179129
Bahamas,1,North America,315255477
Bahamas,2,Bahamas,223752
Bahamas,2,North America,368069609
Bahamas,3,Bahamas,270679
Bahamas,3,North America,420995746
Bahamas,4,Bahamas,325014
Bahamas,4,North America,485744570
Bahamas,5,Bahamas,373272
Bahamas,5,North America,542347379
Bahamas,6,Bahamas,392697
Bahamas,6,North America,569991153
Bahamas,7,Bahamas,406471
Bahamas,7,North America,593830122
Bahrain,1,Bahrain,222555
Bahrain,1,Asia,2144683735
Bahrain,2,Bahrain,362595
Bahrain,2,Asia,2634971633
Bahrain,3,Bahrain,517418
Bahrain,3,Asia,3210046159
Bahrain,4,Bahrain,711442
Bahrain,4,Asia,3734378162
Bahrain,5,Bahrain,1213645
Bahrain,5,Asia,4218827682
Bahrain,6,Bahrain,1362142
Bahrain,6,Asia,4456888040
Bahrain,7,Bahrain,1477469
Bahrain,7,Asia,4661609066
Bangladesh,1,Bangladesh,67541860
Bangladesh,1,Asia,2077364430
Bangladesh,2,Bangladesh,83929765
Bangladesh,2,Asia,2551404463
Bangladesh,3,Bangladesh,107147651
Bangladesh,3,Asia,3103415926
Bangladesh,4,Bangladesh,129193327
Bangladesh,4,Asia,3605896277
Bangladesh,5,Bangladesh,148391139
Bangladesh,5,Asia,4071650188
Bangladesh,6,Bangladesh,157830000
Bangladesh,6,Asia,4300420182
Bangladesh,7,Bangladesh,167420951
Bangladesh,7,Asia,4495665584
Barbados,1,Barbados,241397
Barbados,1,North America,315193209
Barbados,2,Barbados,253575
Barbados,2,North America,368039786
Barbados,3,Barbados,258868
Barbados,3,North America,421007557
Barbados,4,Barbados,264657
Barbados,4,North America,485804927
Barbados,5,Barbados,274711
Barbados,5,North America,542445940
Barbados,6,Barbados,278083
Barbados,6,North America,570105767
Barbados,7,Barbados,280693
Barbados,7,North America,593955900
Belarus,1,Belarus,9170786
Belarus,1,Europe,646753205
Belarus,2,Belarus,9817257
Belarus,2,Europe,682709902
Belarus,3,Belarus,10428525
Belarus,3,Europe,709892272
Belarus,4,Belarus,10256483
Belarus,4,Europe,715836940
Belarus,5,Belarus,9731427
Belarus,5,Europe,725882507
Belarus,6,Belarus,9700609
Belarus,6,Europe,731834999
Belarus,7,Belarus,9633740
Belarus,7,Europe,736158456
Belgium,1,Belgium,9629376
Belgium,1,Europe,646294615
Belgium,2,Belgium,9828986
Belgium,2,Europe,682698173
Belgium,3,Belgium,9959560
Belgium,3,Europe,710361237
Belgium,4,Belgium,10264343
Belgium,4,Europe,715829080
Belgium,5,Belgium,10877947
Belgium,5,Europe,724735987
Belgium,6,Belgium,11248303
Belgium,6,Europe,730287305
Belgium,7,Belgium,11561717
Belgium,7,Europe,734230479
Belize,1,Belize,120905
Belize,1,North America,315313701
Belize,2,Belize,145133
Belize,2,North America,368148228
Belize,3,Belize,182589
Belize,3,North America,421083836
Belize,4,Belize,240406
Belize,4,North America,485829178
Belize,5,Belize,322106
Belize,5,North America,542398545
Belize,6,Belize,359871
Belize,6,North America,570023979
Belize,7,Belize,394921
Belize,7,North America,593841672
Benin,1,Benin,3023443
Benin,1,Africa,362420905
Benin,2,Benin,3833939
Benin,2,Africa,477702438
Benin,3,Benin,5133419
Benin,3,Africa,633017210
Benin,4,Benin,6998023
Benin,4,Africa,811948009
Benin,5,Benin,9445710
Benin,5,Africa,1045782362
Benin,6,Benin,10932783
Benin,6,Africa,1190169659
Benin,7,Benin,12643123
Benin,7,Africa,1348028687
Bermuda,1,Bermuda,52019
Bermuda,1,North America,315382587
Bermuda,2,Bermuda,53565
Bermuda,2,North America,368239796
Bermuda,3,Bermuda,57470
Bermuda,3,North America,421208955
Bermuda,4,Bermuda,61371
Bermuda,4,North America,486008213
Bermuda,5,Bermuda,63447
Bermuda,5,North America,542657204
Bermuda,6,Bermuda,63144
Bermuda,6,North America,570320706
Bermuda,7,Bermuda,64031
Bermuda,7,North America,594172562
Bhutan,1,Bhutan,298894
Bhutan,1,Asia,2144607396
Bhutan,2,Bhutan,415257
Bhutan,2,Asia,2634918971
Bhutan,3,Bhutan,558442
Bhutan,3,Asia,3210005135
Bhutan,4,Bhutan,587207
Bhutan,4,Asia,3734502397
Bhutan,5,Bhutan,705516
Bhutan,5,Asia,4219335811
Bhutan,6,Bhutan,743274
Bhutan,6,Asia,4457506908
Bhutan,7,Bhutan,772506
Bhutan,7,Asia,4662314029
Bolivia,1,Bolivia,4585693
Bolivia,1,South America,188361463
Bolivia,2,Bolivia,5736088
Bolivia,2,South America,236052918
Bolivia,3,Bolivia,7096194
Bolivia,3,South America,290050221
Bolivia,4,Bolivia,8592656
Bolivia,4,South America,341041626
Bolivia,5,Bolivia,10223270
Bolivia,5,South America,382854980
Bolivia,6,Bolivia,11090085
Bolivia,6,South America,402044311
Bolivia,7,Bolivia,11936162
Bolivia,7,South America,419593881
Bosnia and Herzegovina,1,Bosnia and Herzegovina,3815561
Bosnia and Herzegovina,1,Europe,652108430
Bosnia and Herzegovina,2,Bosnia and Herzegovina,4199820
Bosnia and Herzegovina,2,Europe,688327339
Bosnia and Herzegovina,3,Bosnia and Herzegovina,4494310
Bosnia and Herzegovina,3,Europe,715826487
Bosnia and Herzegovina,4,Bosnia and Herzegovina,4179350
Bosnia and Herzegovina,4,Europe,721914073
Bosnia and Herzegovina,5,Bosnia and Herzegovina,3811088
Bosnia and Herzegovina,5,Europe,731802846
Bosnia and Herzegovina,6,Bosnia and Herzegovina,3524324
Bosnia and Herzegovina,6,Europe,738011284
Bosnia and Herzegovina,7,Bosnia and Herzegovina,3318407
Bosnia and Herzegovina,7,Europe,742473789
Botswana,1,Botswana,592244
Botswana,1,Africa,364852104
Botswana,2,Botswana,938578
Botswana,2,Africa,480597799
Botswana,3,Botswana,1341474
Botswana,3,Africa,636809155
Botswana,4,Botswana,1726985
Botswana,4,Africa,817219047
Botswana,5,Botswana,2091664
Botswana,5,Africa,1053136408
Botswana,6,Botswana,2305171
Botswana,6,Africa,1198797271
Botswana,7,Botswana,2546402
Botswana,7,Africa,1358125408
Brazil,1,Brazil,96369875
Brazil,1,South America,96577281
Brazil,2,Brazil,122288383
Brazil,2,South America,119500623
Brazil,3,Brazil,150706446
Brazil,3,South America,146439969
Brazil,4,Brazil,175873720
Brazil,4,South America,173760562
Brazil,5,Brazil,196353492
Brazil,5,South America,196724758
Brazil,6,Brazil,205188205
Brazil,6,South America,207946191
Brazil,7,Brazil,213196304
Brazil,7,South America,218333739
British Virgin Islands,1,British Virgin Islands,9581
British Virgin Islands,1,North America,315425025
British Virgin Islands,2,British Virgin Islands,11109
British Virgin Islands,2,North America,368282252
British Virgin Islands,3,British Virgin Islands,15617
British Virgin Islands,3,North America,421250808
British Virgin Islands,4,British Virgin Islands,20104
British Virgin Islands,4,North America,486049480
British Virgin Islands,5,British Virgin Islands,27556
British Virgin Islands,5,North America,542693095
British Virgin Islands,6,British Virgin Islands,29366
British Virgin Islands,6,North America,570354484
British Virgin Islands,7,British Virgin Islands,30910
British Virgin Islands,7,North America,594205683
Brunei,1,Brunei,133343
Brunei,1,Asia,2144772947
Brunei,2,Brunei,187921
Brunei,2,Asia,2635146307
Brunei,3,Brunei,261928
Brunei,3,Asia,3210301649
Brunei,4,Brunei,333926
Brunei,4,Asia,3734755678
Brunei,5,Brunei,396053
Brunei,5,Asia,4219645274
Brunei,6,Brunei,421437
Brunei,6,Asia,4457828745
Brunei,7,Brunei,441725
Brunei,7,Asia,4662644810
Bulgaria,1,Bulgaria,8582950
Bulgaria,1,Europe,647341041
Bulgaria,2,Bulgaria,8980606
Bulgaria,2,Europe,683546553
Bulgaria,3,Bulgaria,8767778
Bulgaria,3,Europe,711553019
Bulgaria,4,Bulgaria,8097691
Bulgaria,4,Europe,717995732
Bulgaria,5,Bulgaria,7592273
Bulgaria,5,Europe,728021661
Bulgaria,6,Bulgaria,7309253
Bulgaria,6,Europe,734226355
Bulgaria,7,Bulgaria,6979175
Bulgaria,7,Europe,738813021
Burkina Faso,1,Burkina Faso,5611666
Burkina Faso,1,Africa,359832682
Burkina Faso,2,Burkina Faso,6932967
Burkina Faso,2,Africa,474603410
Burkina Faso,3,Burkina Faso,9131361
Burkina Faso,3,Africa,629019268
Burkina Faso,4,Burkina Faso,11882888
Burkina Faso,4,Africa,807063144
Burkina Faso,5,Burkina Faso,16116845
Burkina Faso,5,Africa,1039111227
Burkina Faso,6,Burkina Faso,18718019
Burkina Faso,6,Africa,1182384423
Burkina Faso,7,Burkina Faso,21522626
Burkina Faso,7,Africa,1339149184
Burundi,1,Burundi,3497834
Burundi,1,Africa,361946514
Burundi,2,Burundi,4312834
Burundi,2,Africa,477223543
Burundi,3,Burundi,5483793
Burundi,3,Africa,632666836
Burundi,4,Burundi,6307659
Burundi,4,Africa,812638373
Burundi,5,Burundi,9126605
Burundi,5,Africa,1046101467
Burundi,6,Burundi,10727148
Burundi,6,Africa,1190375294
Burundi,7,Burundi,12220227
Burundi,7,Africa,1348451583
Cambodia,1,Cambodia,6708525
Cambodia,1,Asia,2138197765
Cambodia,2,Cambodia,6198959
Cambodia,2,Asia,2629135269
Cambodia,3,Cambodia,8910808
Cambodia,3,Asia,3201652769
Cambodia,4,Cambodia,12118841
Cambodia,4,Asia,3722970763
Cambodia,5,Cambodia,14363532
Cambodia,5,Asia,4205677795
Cambodia,6,Cambodia,15417523
Cambodia,6,Asia,4442832659
Cambodia,7,Cambodia,16396860
Cambodia,7,Asia,4646689675
Cameroon,1,Cameroon,6452787
Cameroon,1,Africa,358991561
Cameroon,2,Cameroon,8519891
Cameroon,2,Africa,473016486
Cameroon,3,Cameroon,11430520
Cameroon,3,Africa,626720109
Cameroon,4,Cameroon,15091594
Cameroon,4,Africa,803854438
Cameroon,5,Cameroon,19878036
Cameroon,5,Africa,1035350036
Cameroon,6,Cameroon,23012646
Cameroon,6,Africa,1178089796
Cameroon,7,Cameroon,26491087
Cameroon,7,Africa,1334180723
Canada,1,Canada,21434577
Canada,1,North America,294000029
Canada,2,Canada,24511510
Canada,2,North America,343781851
Canada,3,Canada,27657204
Canada,3,North America,393609221
Canada,4,Canada,30683313
Canada,4,North America,455386271
Canada,5,Canada,33963412
Canada,5,North America,508757239
Canada,6,Canada,35732126
Canada,6,North America,534651724
Canada,7,Canada,37888705
Canada,7,North America,556347888
Cape Verde,1,Cape Verde,287262
Cape Verde,1,Africa,365157086
Cape Verde,2,Cape Verde,317234
Cape Verde,2,Africa,481219143
Cape Verde,3,Cape Verde,364563
Cape Verde,3,Africa,637786066
Cape Verde,4,Cape Verde,458251
Cape Verde,4,Africa,818487781
Cape Verde,5,Cape Verde,521212
Cape Verde,5,Africa,1054706860
Cape Verde,6,Cape Verde,552166
Cape Verde,6,Africa,1200550276
Cape Verde,7,Cape Verde,582640
Cape Verde,7,Africa,1360089170
Cayman Islands,1,Cayman Islands,10533
Cayman Islands,1,North America,315424073
Cayman Islands,2,Cayman Islands,17100
Cayman Islands,2,North America,368276261
Cayman Islands,3,Cayman Islands,26027
Cayman Islands,3,North America,421240398
Cayman Islands,4,Cayman Islands,39658
Cayman Islands,4,North America,486029926
Cayman Islands,5,Cayman Islands,54074
Cayman Islands,5,North America,542666577
Cayman Islands,6,Cayman Islands,60911
Cayman Islands,6,North America,570322939
Cayman Islands,7,Cayman Islands,67311
Cayman Islands,7,North America,594169282
Central African Republic,1,Central African Republic,2067356
Central African Republic,1,Africa,363376992
Central African Republic,2,Central African Republic,2415276
Central African Republic,2,Africa,479121101
Central African Republic,3,Central African Republic,2809221
Central African Republic,3,Africa,635341408
Central African Republic,4,Central African Republic,3759170
Central African Republic,4,Africa,815186862
Central African Republic,5,Central African Republic,4660067
Central African Republic,5,Africa,1050568005
Central African Republic,6,Central African Republic,4819333
Central African Republic,6,Africa,1196283109
Central African Republic,7,Central African Republic,5343020
Central African Republic,7,Africa,1355328790
Chad,1,Chad,3667394
Chad,1,Africa,361776954
Chad,2,Chad,4408230
Chad,2,Africa,477128147
Chad,3,Chad,5827069
Chad,3,Africa,632323560
Chad,4,Chad,8259137
Chad,4,Africa,810686895
Chad,5,Chad,11894727
Chad,5,Africa,1043333345
Chad,6,Chad,14140274
Chad,6,Africa,1186962168
Chad,7,Chad,16644701
Chad,7,Africa,1344027109
Chile,1,Chile,9820481
Chile,1,South America,183126675
Chile,2,Chile,11469828
Chile,2,South America,230319178
Chile,3,Chile,13342868
Chile,3,South America,283803547
Chile,4,Chile,15351799
Chile,4,South America,334282483
Chile,5,Chile,17004162
Chile,5,South America,376074088
Chile,6,Chile,17870124
Chile,6,South America,395264272
Chile,7,Chile,19300315
Chile,7,South America,412229728
China,1,China,822534450
China,1,Asia,1322371840
China,2,China,982372466
China,2,Asia,1652961762
China,3,China,1153704252
China,3,Asia,2056859325
China,4,China,1264099069
China,4,Asia,2470990535
China,5,China,1348191368
China,5,Asia,2871849959
China,6,China,1393715448
China,6,Asia,3064534734
China,7,China,1424929781
China,7,Asia,3238156754
Colombia,1,Colombia,20905254
Colombia,1,South America,172041902
Colombia,2,Colombia,26176195
Colombia,2,South America,215612811
Colombia,3,Colombia,32601393
Colombia,3,South America,264545022
Colombia,4,Colombia,39215135
Colombia,4,South America,310419147
Colombia,5,Colombia,44816108
Colombia,5,South America,348262142
Colombia,6,Colombia,47119728
Colombia,6,South America,366014668
Colombia,7,Colombia,50930662
Colombia,7,South America,380599381
Comoros,1,Comoros,242351
Comoros,1,Africa,365201997
Comoros,2,Comoros,328328
Comoros,2,Africa,481208049
Comoros,3,Comoros,431119
Comoros,3,Africa,637719510
Comoros,4,Comoros,536758
Comoros,4,Africa,818409274
Comoros,5,Comoros,656024
Comoros,5,Africa,1054572048
Comoros,6,Comoros,730216
Comoros,6,Africa,1200372226
Comoros,7,Comoros,806166
Comoros,7,Africa,1359865644
Cook Islands,1,Cook Islands,20470
Cook Islands,1,Oceania,19459800
Cook Islands,2,Cook Islands,17651
Cook Islands,2,Oceania,22902589
Cook Islands,3,Cook Islands,17123
Cook Islands,3,Oceania,26726699
Cook Islands,4,Cook Islands,15897
Cook Islands,4,Oceania,31206881
Cook Islands,5,Cook Islands,17212
Cook Islands,5,Oceania,37085552
Cook Islands,6,Cook Islands,17695
Cook Islands,6,Oceania,40385588
Cook Islands,7,Cook Islands,17029
Cook Islands,7,Oceania,43916397
Costa Rica,1,Costa Rica,1855697
Costa Rica,1,North America,313578909
Costa Rica,2,Costa Rica,2414303
Costa Rica,2,North America,365879058
Costa Rica,3,Costa Rica,3158253
Costa Rica,3,North America,418108172
Costa Rica,4,Costa Rica,3979193
Costa Rica,4,North America,482090391
Costa Rica,5,Costa Rica,4622252
Costa Rica,5,North America,538098399
Costa Rica,6,Costa Rica,4895242
Costa Rica,6,North America,565488608
Costa Rica,7,Costa Rica,5123105
Costa Rica,7,North America,589113488
Croatia,1,Croatia,4492638
Croatia,1,Europe,651431353
Croatia,2,Croatia,4680144
Croatia,2,Europe,687847015
Croatia,3,Croatia,4873707
Croatia,3,Europe,715447090
Croatia,4,Croatia,4548434
Croatia,4,Europe,721544989
Croatia,5,Croatia,4368682
Croatia,5,Europe,731245252
Croatia,6,Croatia,4254815
Croatia,6,Europe,737280793
Croatia,7,Croatia,4096868
Croatia,7,Europe,741695328
Cuba,1,Cuba,8869636
Cuba,1,North America,306564970
Cuba,2,Cuba,9809107
Cuba,2,North America,358484254
Cuba,3,Cuba,10626680
Cuba,3,North America,410639745
Cuba,4,Cuba,11105791
Cuba,4,North America,474963793
Cuba,5,Cuba,11290417
Cuba,5,North America,531430234
Cuba,6,Cuba,11339894
Cuba,6,North America,559043956
Cuba,7,Cuba,11300698
Cuba,7,North America,582935895
Curacao,1,Curacao,150385
Curacao,1,North America,315284221
Curacao,2,Curacao,156851
Curacao,2,North America,368136510
Curacao,3,Curacao,155446
Curacao,3,North America,421110979
Curacao,4,Curacao,141424
Curacao,4,North America,485928160
Curacao,5,Curacao,159380
Curacao,5,North America,542561271
Curacao,6,Curacao,169572
Curacao,6,North America,570214278
Curacao,7,Curacao,189288
Curacao,7,North America,594047305
Cyprus,1,Cyprus,640804
Cyprus,1,Europe,655283187
Cyprus,2,Cyprus,679327
Cyprus,2,Europe,691847832
Cyprus,3,Cyprus,788500
Cyprus,3,Europe,719532297
Cyprus,4,Cyprus,948237
Cyprus,4,Europe,725145186
Cyprus,5,Cyprus,1129686
Cyprus,5,Europe,734484248
Cyprus,6,Cyprus,1187280
Cyprus,6,Europe,740348328
Cyprus,7,Cyprus,1237537
Cyprus,7,Europe,744554659
Czech Republic,1,Czech Republic,9795744
Czech Republic,1,Europe,646128247
Czech Republic,2,Czech Republic,10270060
Czech Republic,2,Europe,682257099
Czech Republic,3,Czech Republic,10301192
Czech Republic,3,Europe,710019605
Czech Republic,4,Czech Republic,10234710
Czech Republic,4,Europe,715858713
Czech Republic,5,Czech Republic,10464749
Czech Republic,5,Europe,725149185
Czech Republic,6,Czech Republic,10523798
Czech Republic,6,Europe,731011810
Czech Republic,7,Czech Republic,10530953
Czech Republic,7,Europe,735261243
Denmark,1,Denmark,4922963
Denmark,1,Europe,651001028
Denmark,2,Denmark,5125392
Denmark,2,Europe,687401767
Denmark,3,Denmark,5144623
Denmark,3,Europe,715176174
Denmark,4,Denmark,5340655
Denmark,4,Europe,720752768
Denmark,5,Denmark,5550849
Denmark,5,Europe,730063085
Denmark,6,Denmark,5677796
Denmark,6,Europe,735857812
Denmark,7,Denmark,5825641
Denmark,7,Europe,739966555
Djibouti,1,Djibouti,144379
Djibouti,1,Africa,365299969
Djibouti,2,Djibouti,324121
Djibouti,2,Africa,481212256
Djibouti,3,Djibouti,577173
Djibouti,3,Africa,637573456
Djibouti,4,Djibouti,742033
Djibouti,4,Africa,818203999
Djibouti,5,Djibouti,919199
Djibouti,5,Africa,1054308873
Djibouti,6,Djibouti,1006259
Djibouti,6,Africa,1200096183
Djibouti,7,Djibouti,1090156
Djibouti,7,Africa,1359581654
Dominica,1,Dominica,68895
Dominica,1,North America,315365711
Dominica,2,Dominica,72978
Dominica,2,North America,368220383
Dominica,3,Dominica,69481
Dominica,3,North America,421196944
Dominica,4,Dominica,68346
Dominica,4,North America,486001238
Dominica,5,Dominica,68755
Dominica,5,North America,542651896
Dominica,6,Dominica,70007
Dominica,6,North America,570313843
Dominica,7,Dominica,71995
Dominica,7,North America,594164598
Dominican Republic,1,Dominican Republic,4475871
Dominican Republic,1,North America,310958735
Dominican Republic,2,Dominican Republic,5755800
Dominican Republic,2,North America,362537561
Dominican Republic,3,Dominican Republic,7129004
Dominican Republic,3,North America,414137421
Dominican Republic,4,Dominican Republic,8540791
Dominican Republic,4,North America,477528793
Dominican Republic,5,Dominican Republic,9775755
Dominican Republic,5,North America,532944896
Dominican Republic,6,Dominican Republic,10405832
Dominican Republic,6,North America,559978018
Dominican Republic,7,Dominican Republic,10999664
Dominican Republic,7,North America,583236929
DR Congo,1,DR Congo,20151733
DR Congo,1,Africa,345292615
DR Congo,2,DR Congo,26708686
DR Congo,2,Africa,454827691
DR Congo,3,DR Congo,35987541
DR Congo,3,Africa,602163088
DR Congo,4,DR Congo,48616317
DR Congo,4,Africa,770329715
DR Congo,5,DR Congo,66391257
DR Congo,5,Africa,988836815
DR Congo,6,DR Congo,78656904
DR Congo,6,Africa,1122445538
DR Congo,7,DR Congo,92853164
DR Congo,7,Africa,1267818646
Ecuador,1,Ecuador,6172215
Ecuador,1,South America,186774941
Ecuador,2,Ecuador,8135845
Ecuador,2,South America,233653161
Ecuador,3,Ecuador,10449837
Ecuador,3,South America,286696578
Ecuador,4,Ecuador,12626507
Ecuador,4,South America,337007775
Ecuador,5,Ecuador,14989585
Ecuador,5,South America,378088665
Ecuador,6,Ecuador,16195902
Ecuador,6,South America,396938494
Ecuador,7,Ecuador,17588595
Ecuador,7,South America,413941448
Egypt,1,Egypt,34781986
Egypt,1,Africa,330662362
Egypt,2,Egypt,43748556
Egypt,2,Africa,437787821
Egypt,3,Egypt,57214630
Egypt,3,Africa,580935999
Egypt,4,Egypt,71371371
Egypt,4,Africa,747574661
Egypt,5,Egypt,87252413
Egypt,5,Africa,967975659
Egypt,6,Egypt,97723799
Egypt,6,Africa,1103378643
Egypt,7,Egypt,107465134
Egypt,7,Africa,1253206676
El Salvador,1,El Salvador,3619090
El Salvador,1,North America,311815516
El Salvador,2,El Salvador,4508992
El Salvador,2,North America,363784369
El Salvador,3,El Salvador,5367179
El Salvador,3,North America,415899246
El Salvador,4,El Salvador,5958482
El Salvador,4,North America,480111102
El Salvador,5,El Salvador,6114034
El Salvador,5,North America,536606617
El Salvador,6,El Salvador,6231066
El Salvador,6,North America,564152784
El Salvador,7,El Salvador,6292731
El Salvador,7,North America,587943862
Equatorial Guinea,1,Equatorial Guinea,316955
Equatorial Guinea,1,Africa,365127393
Equatorial Guinea,2,Equatorial Guinea,282509
Equatorial Guinea,2,Africa,481253868
Equatorial Guinea,3,Equatorial Guinea,465549
Equatorial Guinea,3,Africa,637685080
Equatorial Guinea,4,Equatorial Guinea,684977
Equatorial Guinea,4,Africa,818261055
Equatorial Guinea,5,Equatorial Guinea,1094524
Equatorial Guinea,5,Africa,1054133548
Equatorial Guinea,6,Equatorial Guinea,1346973
Equatorial Guinea,6,Africa,1199755469
Equatorial Guinea,7,Equatorial Guinea,1596049
Equatorial Guinea,7,Africa,1359075761
Eritrea,1,Eritrea,1272748
Eritrea,1,Africa,364171600
Eritrea,2,Eritrea,1657982
Eritrea,2,Africa,479878395
Eritrea,3,Eritrea,2149960
Eritrea,3,Africa,636000669
Eritrea,4,Eritrea,2392880
Eritrea,4,Africa,816553152
Eritrea,5,Eritrea,3147727
Eritrea,5,Africa,1052080345
Eritrea,6,Eritrea,3340006
Eritrea,6,Africa,1197762436
Eritrea,7,Eritrea,3555868
Eritrea,7,Africa,1357115942
Estonia,1,Estonia,1361999
Estonia,1,Europe,654561992
Estonia,2,Estonia,1476983
Estonia,2,Europe,691050176
Estonia,3,Estonia,1570674
Estonia,3,Europe,718750123
Estonia,4,Estonia,1396877
Estonia,4,Europe,724696546
Estonia,5,Estonia,1331535
Estonia,5,Europe,734282399
Estonia,6,Estonia,1314657
Estonia,6,Europe,740220951
Estonia,7,Estonia,1329444
Estonia,7,Europe,744462752
Eswatini,1,Eswatini,442865
Eswatini,1,Africa,365001483
Eswatini,2,Eswatini,598564
Eswatini,2,Africa,480937813
Eswatini,3,Eswatini,854011
Eswatini,3,Africa,637296618
Eswatini,4,Eswatini,1030496
Eswatini,4,Africa,817915536
Eswatini,5,Eswatini,1099920
Eswatini,5,Africa,1054128152
Eswatini,6,Eswatini,1133936
Eswatini,6,Africa,1199968506
Eswatini,7,Eswatini,1180655
Eswatini,7,Africa,1359491155
Ethiopia,1,Ethiopia,28308246
Ethiopia,1,Africa,337136102
Ethiopia,2,Ethiopia,34945469
Ethiopia,2,Africa,446590908
Ethiopia,3,Ethiopia,47878073
Ethiopia,3,Africa,590272556
Ethiopia,4,Ethiopia,67031867
Ethiopia,4,Africa,751914165
Ethiopia,5,Ethiopia,89237791
Ethiopia,5,Africa,965990281
Ethiopia,6,Ethiopia,102471895
Ethiopia,6,Africa,1098630547
Ethiopia,7,Ethiopia,117190911
Ethiopia,7,Africa,1243480899
Falkland Islands,1,Falkland Islands,2274
Falkland Islands,1,South America,192944882
Falkland Islands,2,Falkland Islands,2240
Falkland Islands,2,South America,241786766
Falkland Islands,3,Falkland Islands,2332
Falkland Islands,3,South America,297144083
Falkland Islands,4,Falkland Islands,3080
Falkland Islands,4,South America,349631202
Falkland Islands,5,Falkland Islands,3187
Falkland Islands,5,South America,393075063
Falkland Islands,6,Falkland Islands,3408
Falkland Islands,6,South America,413130988
Falkland Islands,7,Falkland Islands,3747
Falkland Islands,7,South America,431526296
Faroe Islands,1,Faroe Islands,38416
Faroe Islands,1,Europe,655885575
Faroe Islands,2,Faroe Islands,43054
Faroe Islands,2,Europe,692484105
Faroe Islands,3,Faroe Islands,47479
Faroe Islands,3,Europe,720273318
Faroe Islands,4,Faroe Islands,45660
Faroe Islands,4,Europe,726047763
Faroe Islands,5,Faroe Islands,48410
Faroe Islands,5,Europe,735565524
Faroe Islands,6,Faroe Islands,48816
Faroe Islands,6,Europe,741486792
Faroe Islands,7,Faroe Islands,52415
Faroe Islands,7,Europe,745739781
Fiji,1,Fiji,527634
Fiji,1,Oceania,18952636
Fiji,2,Fiji,644582
Fiji,2,Oceania,22275658
Fiji,3,Fiji,780430
Fiji,3,Oceania,25963392
Fiji,4,Fiji,832509
Fiji,4,Oceania,30390269
Fiji,5,Fiji,905169
Fiji,5,Oceania,36197595
Fiji,6,Fiji,917200
Fiji,6,Oceania,39486083
Fiji,7,Fiji,920422
Fiji,7,Oceania,43013004
Finland,1,Finland,4606621
Finland,1,Europe,651317370
Finland,2,Finland,4779418
Finland,2,Europe,687747741
Finland,3,Finland,4986545
Finland,3,Europe,715334252
Finland,4,Finland,5176209
Finland,4,Europe,720917214
Finland,5,Finland,5363271
Finland,5,Europe,730250663
Finland,6,Finland,5479461
Finland,6,Europe,736056147
Finland,7,Finland,5529468
Finland,7,Europe,740262728
France,1,France,50523586
France,1,Europe,605400405
France,2,France,53713830
France,2,Europe,638813329
France,3,France,56412897
France,3,Europe,663907900
France,4,France,58665453
France,4,Europe,667427970
France,5,France,62444567
France,5,Europe,673169367
France,6,France,63809769
France,6,Europe,677725839
France,7,France,64480053
France,7,Europe,681312143
French Guiana,1,French Guiana,46484
French Guiana,1,South America,192900672
French Guiana,2,French Guiana,66825
French Guiana,2,South America,241722181
French Guiana,3,French Guiana,113931
French Guiana,3,South America,297032484
French Guiana,4,French Guiana,164351
French Guiana,4,South America,349469931
French Guiana,5,French Guiana,228453
French Guiana,5,South America,392849797
French Guiana,6,French Guiana,257026
French Guiana,6,South America,412877370
French Guiana,7,French Guiana,290969
French Guiana,7,South America,431239074
French Polynesia,1,French Polynesia,117891
French Polynesia,1,Oceania,19362379
French Polynesia,2,French Polynesia,163591
French Polynesia,2,Oceania,22756649
French Polynesia,3,French Polynesia,211089
French Polynesia,3,Oceania,26532733
French Polynesia,4,French Polynesia,250927
French Polynesia,4,Oceania,30971851
French Polynesia,5,French Polynesia,283788
French Polynesia,5,Oceania,36818976
French Polynesia,6,French Polynesia,291787
French Polynesia,6,Oceania,40111496
French Polynesia,7,French Polynesia,301920
French Polynesia,7,Oceania,43631506
Gabon,1,Gabon,597192
Gabon,1,Africa,364847156
Gabon,2,Gabon,749078
Gabon,2,Africa,480787299
Gabon,3,Gabon,983028
Gabon,3,Africa,637167601
Gabon,4,Gabon,1272935
Gabon,4,Africa,817673097
Gabon,5,Gabon,1711105
Gabon,5,Africa,1053516967
Gabon,6,Gabon,2028517
Gabon,6,Africa,1199073925
Gabon,7,Gabon,2292573
Gabon,7,Africa,1358379237
Gambia,1,Gambia,528731
Gambia,1,Africa,364915617
Gambia,2,Gambia,718586
Gambia,2,Africa,480817791
Gambia,3,Gambia,1040616
Gambia,3,Africa,637110013
Gambia,4,Gambia,1437539
Gambia,4,Africa,817508493
Gambia,5,Gambia,1937275
Gambia,5,Africa,1053290797
Gambia,6,Gambia,2253133
Gambia,6,Africa,1198849309
Gambia,7,Gambia,2573995
Gambia,7,Africa,1358097815
Georgia,1,Georgia,4800426
Georgia,1,Asia,2140105864
Georgia,2,Georgia,5145843
Georgia,2,Asia,2630188385
Georgia,3,Georgia,5391636
Georgia,3,Asia,3205171941
Georgia,4,Georgia,4265172
Georgia,4,Asia,3730824432
Georgia,5,Georgia,3836831
Georgia,5,Asia,4216204496
Georgia,6,Georgia,3771132
Georgia,6,Asia,4454479050
Georgia,7,Georgia,3765912
Georgia,7,Asia,4659320623
Germany,1,Germany,78294583
Germany,1,Europe,577629408
Germany,2,Germany,77786703
Germany,2,Europe,614740456
Germany,3,Germany,79370196
Germany,3,Europe,640950601
Germany,4,Germany,81551677
Germany,4,Europe,644541746
Germany,5,Germany,81325090
Germany,5,Europe,654288844
Germany,6,Germany,82073226
Germany,6,Europe,659462382
Germany,7,Germany,83328988
Germany,7,Europe,662463208
Ghana,1,Ghana,8861895
Ghana,1,Africa,356582453
Ghana,2,Ghana,11865246
Ghana,2,Africa,469671131
Ghana,3,Ghana,15446982
Ghana,3,Africa,622703647
Ghana,4,Ghana,19665502
Ghana,4,Africa,799280530
Ghana,5,Ghana,25574719
Ghana,5,Africa,1029653353
Ghana,6,Ghana,28870939
Ghana,6,Africa,1172231503
Ghana,7,Ghana,32180401
Ghana,7,Africa,1328491409
Gibraltar,1,Gibraltar,26685
Gibraltar,1,Europe,655897306
Gibraltar,2,Gibraltar,28734
Gibraltar,2,Europe,692498425
Gibraltar,3,Gibraltar,27317
Gibraltar,3,Europe,720293480
Gibraltar,4,Gibraltar,27741
Gibraltar,4,Europe,726065682
Gibraltar,5,Gibraltar,31262
Gibraltar,5,Europe,735582672
Gibraltar,6,Gibraltar,32520
Gibraltar,6,Europe,741503088
Gibraltar,7,Gibraltar,32709
Gibraltar,7,Europe,745759487
Greece,1,Greece,8544873
Greece,1,Europe,647379118
Greece,2,Greece,9307148
Greece,2,Europe,683220011
Greece,3,Greece,10302255
Greece,3,Europe,710018542
Greece,4,Greece,11038109
Greece,4,Europe,715055314
Greece,5,Greece,11033783
Greece,5,Europe,724580151
Greece,6,Greece,10806641
Greece,6,Europe,730728967
Greece,7,Greece,10512232
Greece,7,Europe,735279964
Greenland,1,Greenland,45434
Greenland,1,North America,315389172
Greenland,2,Greenland,50106
Greenland,2,North America,368243255
Greenland,3,Greenland,55599
Greenland,3,North America,421210826
Greenland,4,Greenland,56184
Greenland,4,North America,486013400
Greenland,5,Greenland,56351
Greenland,5,North America,542664300
Greenland,6,Greenland,55895
Greenland,6,North America,570327955
Greenland,7,Greenland,56026
Greenland,7,North America,594180567
Grenada,1,Grenada,98794
Grenada,1,North America,315335812
Grenada,2,Grenada,94838
Grenada,2,North America,368198523
Grenada,3,Grenada,99047
Grenada,3,North America,421167378
Grenada,4,Grenada,107432
Grenada,4,North America,485962152
Grenada,5,Grenada,114039
Grenada,5,North America,542606612
Grenada,6,Grenada,118980
Grenada,6,North America,570264870
Grenada,7,Grenada,123663
Grenada,7,North America,594112930
Guadeloupe,1,Guadeloupe,318310
Guadeloupe,1,North America,315116296
Guadeloupe,2,Guadeloupe,334234
Guadeloupe,2,North America,367959127
Guadeloupe,3,Guadeloupe,391951
Guadeloupe,3,North America,420874474
Guadeloupe,4,Guadeloupe,424067
Guadeloupe,4,North America,485645517
Guadeloupe,5,Guadeloupe,403072
Guadeloupe,5,North America,542317579
Guadeloupe,6,Guadeloupe,399089
Guadeloupe,6,North America,569984761
Guadeloupe,7,Guadeloupe,395642
Guadeloupe,7,North America,593840951
Guam,1,Guam,88300
Guam,1,Oceania,19391970
Guam,2,Guam,110286
Guam,2,Oceania,22809954
Guam,3,Guam,138263
Guam,3,Oceania,26605559
Guam,4,Guam,160188
Guam,4,Oceania,31062590
Guam,5,Guam,164905
Guam,5,Oceania,36937859
Guam,6,Guam,167978
Guam,6,Oceania,40235305
Guam,7,Guam,169231
Guam,7,Oceania,43764195
Guatemala,1,Guatemala,5453208
Guatemala,1,North America,309981398
Guatemala,2,Guatemala,6987767
Guatemala,2,North America,361305594
Guatemala,3,Guatemala,9084780
Guatemala,3,North America,412181645
Guatemala,4,Guatemala,11735894
Guatemala,4,North America,474333690
Guatemala,5,Guatemala,14543121
Guatemala,5,North America,528177530
Guatemala,6,Guatemala,16001107
Guatemala,6,North America,554382743
Guatemala,7,Guatemala,17362718
Guatemala,7,North America,576873875
Guernsey,1,Guernsey,52656
Guernsey,1,Europe,655871335
Guernsey,2,Guernsey,52860
Guernsey,2,Europe,692474299
Guernsey,3,Guernsey,57727
Guernsey,3,Europe,720263070
Guernsey,4,Guernsey,59114
Guernsey,4,Europe,726034309
Guernsey,5,Guernsey,60782
Guernsey,5,Europe,735553152
Guernsey,6,Guernsey,61629
Guernsey,6,Europe,741473979
Guernsey,7,Guernsey,62794
Guernsey,7,Europe,745729402
Guinea,1,Guinea,4222374
Guinea,1,Africa,361221974
Guinea,2,Guinea,4972609
Guinea,2,Africa,476563768
Guinea,3,Guinea,6354145
Guinea,3,Africa,631796484
Guinea,4,Guinea,8336967
Guinea,4,Africa,810609065
Guinea,5,Guinea,10270728
Guinea,5,Africa,1044957344
Guinea,6,Guinea,11625998
Guinea,6,Africa,1189476444
Guinea,7,Guinea,13205153
Guinea,7,Africa,1347466657
Guinea-Bissau,1,Guinea-Bissau,591663
Guinea-Bissau,1,Africa,364852685
Guinea-Bissau,2,Guinea-Bissau,831462
Guinea-Bissau,2,Africa,480704915
Guinea-Bissau,3,Guinea-Bissau,973551
Guinea-Bissau,3,Africa,637177078
Guinea-Bissau,4,Guinea-Bissau,1230849
Guinea-Bissau,4,Africa,817715183
Guinea-Bissau,5,Guinea-Bissau,1567220
Guinea-Bissau,5,Africa,1053660852
Guinea-Bissau,6,Guinea-Bissau,1788919
Guinea-Bissau,6,Africa,1199313523
Guinea-Bissau,7,Guinea-Bissau,2015828
Guinea-Bissau,7,Africa,1358655982
Guyana,1,Guyana,705261
Guyana,1,South America,192241895
Guyana,2,Guyana,778176
Guyana,2,South America,241010830
Guyana,3,Guyana,747116
Guyana,3,South America,296399299
Guyana,4,Guyana,759051
Guyana,4,South America,348875231
Guyana,5,Guyana,747932
Guyana,5,South America,392330318
Guyana,6,Guyana,755031
Guyana,6,South America,412379365
Guyana,7,Guyana,797202
Guyana,7,South America,430732841
Haiti,1,Haiti,4680812
Haiti,1,North America,310753794
Haiti,2,Haiti,5646676
Haiti,2,North America,362646685
Haiti,3,Haiti,6925331
Haiti,3,North America,414341094
Haiti,4,Haiti,8360225
Haiti,4,North America,477709359
Haiti,5,Haiti,9842880
Haiti,5,North America,532877771
Haiti,6,Haiti,10563757
Haiti,6,North America,559820093
Haiti,7,Haiti,11306801
Haiti,7,North America,582929792
Honduras,1,Honduras,2782753
Honduras,1,North America,312651853
Honduras,2,Honduras,3777990
Honduras,2,North America,364515371
Honduras,3,Honduras,5053234
Honduras,3,North America,416213191
Honduras,4,Honduras,6656725
Honduras,4,North America,479412859
Honduras,5,Honduras,8450933
Honduras,5,North America,534269718
Honduras,6,Honduras,9294505
Honduras,6,North America,561089345
Honduras,7,Honduras,10121763
Honduras,7,North America,584114830
Hong Kong,1,Hong Kong,3955072
Hong Kong,1,Asia,2140951218
Hong Kong,2,Hong Kong,4978544
Hong Kong,2,Asia,2630355684
Hong Kong,3,Hong Kong,5838574
Hong Kong,3,Asia,3204725003
Hong Kong,4,Hong Kong,6731195
Hong Kong,4,Asia,3728358409
Hong Kong,5,Hong Kong,7132438
Hong Kong,5,Asia,4212908889
Hong Kong,6,Hong Kong,7399838
Hong Kong,6,Asia,4450850344
Hong Kong,7,Hong Kong,7500958
Hong Kong,7,Asia,4655585577
Hungary,1,Hungary,10315366
Hungary,1,Europe,645608625
Hungary,2,Hungary,10698679
Hungary,2,Europe,681828480
Hungary,3,Hungary,10375989
Hungary,3,Europe,709944808
Hungary,4,Hungary,10202055
Hungary,4,Europe,715891368
Hungary,5,Hungary,9986825
Hungary,5,Europe,725627109
Hungary,6,Hungary,9844246
Hungary,6,Europe,731691362
Hungary,7,Hungary,9750573
Hungary,7,Europe,736041623
Iceland,1,Iceland,204468
Iceland,1,Europe,655719523
Iceland,2,Iceland,228263
Iceland,2,Europe,692298896
Iceland,3,Iceland,255019
Iceland,3,Europe,720065778
Iceland,4,Iceland,281462
Iceland,4,Europe,725811961
Iceland,5,Iceland,318333
Iceland,5,Europe,735295601
Iceland,6,Iceland,331060
Iceland,6,Europe,741204548
Iceland,7,Iceland,366669
Iceland,7,Europe,745425527
India,1,India,557501301
India,1,Asia,1587404989
India,2,India,696828385
India,2,Asia,1938505843
India,3,India,870452165
India,3,Asia,2340111412
India,4,India,1059633675
India,4,Asia,2675455929
India,5,India,1240613620
India,5,Asia,2979427707
India,6,India,1322866505
India,6,Asia,3135383677
India,7,India,1396387127
India,7,Asia,3266699408
Indonesia,1,Indonesia,115228394
Indonesia,1,Asia,2029677896
Indonesia,2,Indonesia,148177096
Indonesia,2,Asia,2487157132
Indonesia,3,Indonesia,182159874
Indonesia,3,Asia,3028403703
Indonesia,4,Indonesia,214072421
Indonesia,4,Asia,3521017183
Indonesia,5,Indonesia,244016173
Indonesia,5,Asia,3976025154
Indonesia,6,Indonesia,259091970
Indonesia,6,Asia,4199158212
Indonesia,7,Indonesia,271857970
Indonesia,7,Asia,4391228565
Iran,1,Iran,28449705
Iran,1,Asia,2116456585
Iran,2,Iran,38520664
Iran,2,Asia,2596813564
Iran,3,Iran,55793629
Iran,3,Asia,3154769948
Iran,4,Iran,65544383
Iran,4,Asia,3669545221
Iran,5,Iran,75373855
Iran,5,Asia,4144667472
Iran,6,Iran,81790841
Iran,6,Asia,4376459341
Iran,7,Iran,87290193
Iran,7,Asia,4575796342
Iraq,1,Iraq,9811347
Iraq,1,Asia,2135094943
Iraq,2,Iraq,13653369
Iraq,2,Asia,2621680859
Iraq,3,Iraq,17658381
Iraq,3,Asia,3192905196
Iraq,4,Iraq,24628858
Iraq,4,Asia,3710460746
Iraq,5,Iraq,31264875
Iraq,5,Asia,4188776452
Iraq,6,Iraq,37757813
Iraq,6,Asia,4420492369
Iraq,7,Iraq,42556984
Iraq,7,Asia,4620529551
Ireland,1,Ireland,2937637
Ireland,1,Europe,652986354
Ireland,2,Ireland,3391387
Ireland,2,Europe,689135772
Ireland,3,Ireland,3485374
Ireland,3,Europe,716835423
Ireland,4,Ireland,3768950
Ireland,4,Europe,722324473
Ireland,5,Ireland,4524585
Ireland,5,Europe,731089349
Ireland,6,Ireland,4665760
Ireland,6,Europe,736869848
Ireland,7,Ireland,4946119
Ireland,7,Europe,740846077
Isle of Man,1,Isle of Man,55298
Isle of Man,1,Europe,655868693
Isle of Man,2,Isle of Man,64022
Isle of Man,2,Europe,692463137
Isle of Man,3,Isle of Man,68865
Isle of Man,3,Europe,720251932
Isle of Man,4,Isle of Man,75562
Isle of Man,4,Europe,726017861
Isle of Man,5,Isle of Man,83828
Isle of Man,5,Europe,735530106
Isle of Man,6,Isle of Man,83593
Isle of Man,6,Europe,741452015
Isle of Man,7,Isle of Man,84046
Isle of Man,7,Europe,745708150
Israel,1,Israel,2907307
Israel,1,Asia,2141998983
Israel,2,Israel,3744608
Israel,2,Asia,2631589620
Israel,3,Israel,4803254
Israel,3,Asia,3205760323
Israel,4,Israel,6116958
Israel,4,Asia,3728972646
Israel,5,Israel,7328445
Israel,5,Asia,4212712882
Israel,6,Israel,8007778
Israel,6,Asia,4450242404
Israel,7,Israel,8757489
Israel,7,Asia,4654329046
Italy,1,Italy,53324036
Italy,1,Europe,602599955
Italy,2,Italy,56329482
Italy,2,Europe,636197677
Italy,3,Italy,56756561
Italy,3,Europe,663564236
Italy,4,Italy,56966397
Italy,4,Europe,669127026
Italy,5,Italy,59822450
Italy,5,Europe,675791484
Italy,6,Italy,60232906
Italy,6,Europe,681302702
Italy,7,Italy,59500579
Italy,7,Europe,686291617
Ivory Coast,1,Ivory Coast,5477086
Ivory Coast,1,Africa,359967262
Ivory Coast,2,Ivory Coast,8303809
Ivory Coast,2,Africa,473232568
Ivory Coast,3,Ivory Coast,11910540
Ivory Coast,3,Africa,626240089
Ivory Coast,4,Ivory Coast,16799670
Ivory Coast,4,Africa,802146362
Ivory Coast,5,Ivory Coast,21120042
Ivory Coast,5,Africa,1034108030
Ivory Coast,6,Ivory Coast,23596741
Ivory Coast,6,Africa,1177505701
Ivory Coast,7,Ivory Coast,26811790
Ivory Coast,7,Africa,1333860020
Jamaica,1,Jamaica,1859091
Jamaica,1,North America,313575515
Jamaica,2,Jamaica,2135546
Jamaica,2,North America,366157815
Jamaica,3,Jamaica,2392030
Jamaica,3,North America,418874395
Jamaica,4,Jamaica,2612205
Jamaica,4,North America,483457379
Jamaica,5,Jamaica,2733896
Jamaica,5,North America,539986755
Jamaica,6,Jamaica,2794445
Jamaica,6,North America,567589405
Jamaica,7,Jamaica,2820436
Jamaica,7,North America,591416157
Japan,1,Japan,105416839
Japan,1,Asia,2039489451
Japan,2,Japan,117624196
Japan,2,Asia,2517710032
Japan,3,Japan,123686321
Japan,3,Asia,3086877256
Japan,4,Japan,126803861
Japan,4,Asia,3608285743
Japan,5,Japan,128105431
Japan,5,Asia,4091935896
Japan,6,Japan,127250933
Japan,6,Asia,4330999249
Japan,7,Japan,125244761
Japan,7,Asia,4537841774
Jersey,1,Jersey,68347
Jersey,1,Europe,655855644
Jersey,2,Jersey,75124
Jersey,2,Europe,692452035
Jersey,3,Jersey,82874
Jersey,3,Europe,720237923
Jersey,4,Jersey,86192
Jersey,4,Europe,726007231
Jersey,5,Jersey,96151
Jersey,5,Europe,735517783
Jersey,6,Jersey,100561
Jersey,6,Europe,741435047
Jersey,7,Jersey,108319
Jersey,7,Europe,745683877
Jordan,1,Jordan,1557374
Jordan,1,Asia,2143348916
Jordan,2,Jordan,2216903
Jordan,2,Asia,2633117325
Jordan,3,Jordan,3480587
Jordan,3,Asia,3207082990
Jordan,4,Jordan,5056174
Jordan,4,Asia,3730033430
Jordan,5,Jordan,6931258
Jordan,5,Asia,4213110069
Jordan,6,Jordan,9494246
Jordan,6,Asia,4448755936
Jordan,7,Jordan,10928721
Jordan,7,Asia,4652157814
Kazakhstan,1,Kazakhstan,12265305
Kazakhstan,1,Asia,2132640985
Kazakhstan,2,Kazakhstan,14172710
Kazakhstan,2,Asia,2621161518
Kazakhstan,3,Kazakhstan,16866563
Kazakhstan,3,Asia,3193697014
Kazakhstan,4,Kazakhstan,15236253
Kazakhstan,4,Asia,3719853351
Kazakhstan,5,Kazakhstan,16627837
Kazakhstan,5,Asia,4203413490
Kazakhstan,6,Kazakhstan,17835909
Kazakhstan,6,Asia,4440414273
Kazakhstan,7,Kazakhstan,18979243
Kazakhstan,7,Asia,4644107292
Kenya,1,Kenya,11473087
Kenya,1,Africa,353971261
Kenya,2,Kenya,16187124
Kenya,2,Africa,465349253
Kenya,3,Kenya,23162269
Kenya,3,Africa,614988360
Kenya,4,Kenya,30851606
Kenya,4,Africa,788094426
Kenya,5,Kenya,41517895
Kenya,5,Africa,1013710177
Kenya,6,Kenya,46851488
Kenya,6,Africa,1154250954
Kenya,7,Kenya,51985780
Kenya,7,Africa,1308686030
Kiribati,1,Kiribati,57437
Kiribati,1,Oceania,19422833
Kiribati,2,Kiribati,60813
Kiribati,2,Oceania,22859427
Kiribati,3,Kiribati,75124
Kiribati,3,Oceania,26668698
Kiribati,4,Kiribati,88826
Kiribati,4,Oceania,31133952
Kiribati,5,Kiribati,107995
Kiribati,5,Oceania,36994769
Kiribati,6,Kiribati,116707
Kiribati,6,Oceania,40286576
Kiribati,7,Kiribati,126463
Kiribati,7,Oceania,43806963
Kuwait,1,Kuwait,802786
Kuwait,1,Asia,2144103504
Kuwait,2,Kuwait,1493870
Kuwait,2,Asia,2633840358
Kuwait,3,Kuwait,1674938
Kuwait,3,Asia,3208888639
Kuwait,4,Kuwait,1934901
Kuwait,4,Asia,3733154703
Kuwait,5,Kuwait,2943356
Kuwait,5,Asia,4217097971
Kuwait,6,Kuwait,3908743
Kuwait,6,Asia,4454341439
Kuwait,7,Kuwait,4360444
Kuwait,7,Asia,4658726091
Kyrgyzstan,1,Kyrgyzstan,3016384
Kyrgyzstan,1,Asia,2141889906
Kyrgyzstan,2,Kyrgyzstan,3691209
Kyrgyzstan,2,Asia,2631643019
Kyrgyzstan,3,Kyrgyzstan,4394734
Kyrgyzstan,3,Asia,3206168843
Kyrgyzstan,4,Kyrgyzstan,4935182
Kyrgyzstan,4,Asia,3730154422
Kyrgyzstan,5,Kyrgyzstan,5483774
Kyrgyzstan,5,Asia,4214557553
Kyrgyzstan,6,Kyrgyzstan,5914980
Kyrgyzstan,6,Asia,4452335202
Kyrgyzstan,7,Kyrgyzstan,6424874
Kyrgyzstan,7,Asia,4656661661
Laos,1,Laos,2675283
Laos,1,Asia,2142231007
Laos,2,Laos,3297519
Laos,2,Asia,2632036709
Laos,3,Laos,4314443
Laos,3,Asia,3206249134
Laos,4,Laos,5430853
Laos,4,Asia,3729658751
Laos,5,Laos,6323418
Laos,5,Asia,4213717909
Laos,6,Laos,6787419
Laos,6,Asia,4451462763
Laos,7,Laos,7319399
Laos,7,Asia,4655767136
Latvia,1,Latvia,2397414
Latvia,1,Europe,653526577
Latvia,2,Latvia,2572037
Latvia,2,Europe,689955122
Latvia,3,Latvia,2689391
Latvia,3,Europe,717631406
Latvia,4,Latvia,2392530
Latvia,4,Europe,723700893
Latvia,5,Latvia,2101530
Latvia,5,Europe,733512404
Latvia,6,Latvia,1991955
Latvia,6,Europe,739543653
Latvia,7,Latvia,1897052
Latvia,7,Europe,743895144
Lebanon,1,Lebanon,2381791
Lebanon,1,Asia,2142524499
Lebanon,2,Lebanon,2963702
Lebanon,2,Asia,2632370526
Lebanon,3,Lebanon,3593700
Lebanon,3,Asia,3206969877
Lebanon,4,Lebanon,4320642
Lebanon,4,Asia,3730768962
Lebanon,5,Lebanon,4995800
Lebanon,5,Asia,4215045527
Lebanon,6,Lebanon,6398940
Lebanon,6,Asia,4451851242
Lebanon,7,Lebanon,5662923
Lebanon,7,Asia,4657423612
Lesotho,1,Lesotho,1023481
Lesotho,1,Africa,364420867
Lesotho,2,Lesotho,1407672
Lesotho,2,Africa,480128705
Lesotho,3,Lesotho,1798997
Lesotho,3,Africa,636351632
Lesotho,4,Lesotho,1998630
Lesotho,4,Africa,816947402
Lesotho,5,Lesotho,2022747
Lesotho,5,Africa,1053205325
Lesotho,6,Lesotho,2118521
Lesotho,6,Africa,1198983921
Lesotho,7,Lesotho,2254100
Lesotho,7,Africa,1358417710
Liberia,1,Liberia,1463563
Liberia,1,Africa,363980785
Liberia,2,Liberia,1932169
Liberia,2,Africa,479604208
Liberia,3,Liberia,2209731
Liberia,3,Africa,635940898
Liberia,4,Liberia,2895224
Liberia,4,Africa,816050808
Liberia,5,Liberia,4019956
Liberia,5,Africa,1051208116
Liberia,6,Liberia,4612329
Liberia,6,Africa,1196490113
Liberia,7,Liberia,5087584
Liberia,7,Africa,1355584226
Libya,1,Libya,1909177
Libya,1,Africa,363535171
Libya,2,Libya,2962720
Libya,2,Africa,478573657
Libya,3,Libya,4236983
Libya,3,Africa,633913646
Libya,4,Libya,5154790
Libya,4,Africa,813791242
Libya,5,Libya,6491988
Libya,5,Africa,1048736084
Libya,6,Libya,6192235
Libya,6,Africa,1194910207
Libya,7,Libya,6653942
Libya,7,Africa,1354017868
Liechtenstein,1,Liechtenstein,21089
Liechtenstein,1,Europe,655902902
Liechtenstein,2,Liechtenstein,25003
Liechtenstein,2,Europe,692502156
Liechtenstein,3,Liechtenstein,28765
Liechtenstein,3,Europe,720292032
Liechtenstein,4,Liechtenstein,33026
Liechtenstein,4,Europe,726060397
Liechtenstein,5,Liechtenstein,35926
Liechtenstein,5,Europe,735578008
Liechtenstein,6,Liechtenstein,37355
Liechtenstein,6,Europe,741498253
Liechtenstein,7,Liechtenstein,38756
Liechtenstein,7,Europe,745753440
Lithuania,1,Lithuania,3210147
Lithuania,1,Europe,652713844
Lithuania,2,Lithuania,3521206
Lithuania,2,Europe,689005953
Lithuania,3,Lithuania,3785847
Lithuania,3,Europe,716534950
Lithuania,4,Lithuania,3599637
Lithuania,4,Europe,722493786
Lithuania,5,Lithuania,3139019
Lithuania,5,Europe,732474915
Lithuania,6,Lithuania,2963765
Lithuania,6,Europe,738571843
Lithuania,7,Lithuania,2820267
Lithuania,7,Europe,742971929
Luxembourg,1,Luxembourg,339342
Luxembourg,1,Europe,655584649
Luxembourg,2,Luxembourg,363741
Luxembourg,2,Europe,692163418
Luxembourg,3,Luxembourg,381267
Luxembourg,3,Europe,719939530
Luxembourg,4,Luxembourg,435628
Luxembourg,4,Europe,725657795
Luxembourg,5,Luxembourg,507070
Luxembourg,5,Europe,735106864
Luxembourg,6,Luxembourg,569408
Luxembourg,6,Europe,740966200
Luxembourg,7,Luxembourg,630399
Luxembourg,7,Europe,745161797
Macau,1,Macau,247284
Macau,1,Asia,2144659006
Macau,2,Macau,245332
Macau,2,Asia,2635088896
Macau,3,Macau,350227
Macau,3,Asia,3210213350
Macau,4,Macau,431896
Macau,4,Asia,3734657708
Macau,5,Macau,557297
Macau,5,Asia,4219484030
Macau,6,Macau,615239
Macau,6,Asia,4457634943
Macau,7,Macau,676283
Macau,7,Asia,4662410252
Madagascar,1,Madagascar,6639751
Madagascar,1,Africa,358804597
Madagascar,2,Madagascar,8948162
Madagascar,2,Africa,472588215
Madagascar,3,Madagascar,11882762
Madagascar,3,Africa,626267867
Madagascar,4,Madagascar,16216431
Madagascar,4,Africa,802729601
Madagascar,5,Madagascar,21731053
Madagascar,5,Africa,1033497019
Madagascar,6,Madagascar,24850912
Madagascar,6,Africa,1176251530
Madagascar,7,Madagascar,28225177
Madagascar,7,Africa,1332446633
Malawi,1,Malawi,4625141
Malawi,1,Africa,360819207
Malawi,2,Malawi,6267369
Malawi,2,Africa,475269008
Malawi,3,Malawi,9539665
Malawi,3,Africa,628610964
Malawi,4,Malawi,11229387
Malawi,4,Africa,807716645
Malawi,5,Malawi,14718422
Malawi,5,Africa,1040509650
Malawi,6,Malawi,16938942
Malawi,6,Africa,1184163500
Malawi,7,Malawi,19377061
Malawi,7,Africa,1341294749
Malaysia,1,Malaysia,10306508
Malaysia,1,Asia,2134599782
Malaysia,2,Malaysia,13215707
Malaysia,2,Asia,2622118521
Malaysia,3,Malaysia,17517054
Malaysia,3,Asia,3193046523
Malaysia,4,Malaysia,22945150
Malaysia,4,Asia,3712144454
Malaysia,5,Malaysia,28717731
Malaysia,5,Asia,4191323596
Malaysia,6,Malaysia,31068833
Malaysia,6,Asia,4427181349
Malaysia,7,Malaysia,33199993
Malaysia,7,Asia,4629886542
Maldives,1,Maldives,123243
Maldives,1,Asia,2144783047
Maldives,2,Maldives,164887
Maldives,2,Asia,2635169341
Maldives,3,Maldives,224957
Maldives,3,Asia,3210338620
Maldives,4,Maldives,282507
Maldives,4,Asia,3734807097
Maldives,5,Maldives,361575
Maldives,5,Asia,4219679752
Maldives,6,Maldives,435582
Maldives,6,Asia,4457814600
Maldives,7,Maldives,514438
Maldives,7,Asia,4662572097
Mali,1,Mali,6153587
Mali,1,Africa,359290761
Mali,2,Mali,7372581
Mali,2,Africa,474163796
Mali,3,Mali,8945026
Mali,3,Africa,629205603
Mali,4,Mali,11239101
Mali,4,Africa,807706931
Mali,5,Mali,15529181
Mali,5,Africa,1039698891
Mali,6,Mali,18112907
Mali,6,Africa,1182989535
Mali,7,Mali,21224040
Mali,7,Africa,1339447770
Malta,1,Malta,315414
Malta,1,Europe,655608577
Malta,2,Malta,333587
Malta,2,Europe,692193572
Malta,3,Malta,365392
Malta,3,Europe,719955405
Malta,4,Malta,399212
Malta,4,Europe,725694211
Malta,5,Malta,418755
Malta,5,Europe,735195179
Malta,6,Malta,456579
Malta,6,Europe,741079029
Malta,7,Malta,515357
Malta,7,Europe,745276839
Marshall Islands,1,Marshall Islands,23969
Marshall Islands,1,Oceania,19456301
Marshall Islands,2,Marshall Islands,31988
Marshall Islands,2,Oceania,22888252
Marshall Islands,3,Marshall Islands,46047
Marshall Islands,3,Oceania,26697775
Marshall Islands,4,Marshall Islands,54224
Marshall Islands,4,Oceania,31168554
Marshall Islands,5,Marshall Islands,53416
Marshall Islands,5,Oceania,37049348
Marshall Islands,6,Marshall Islands,49410
Marshall Islands,6,Oceania,40353873
Marshall Islands,7,Marshall Islands,43413
Marshall Islands,7,Oceania,43890013
Martinique,1,Martinique,326428
Martinique,1,North America,315108178
Martinique,2,Martinique,333786
Martinique,2,North America,367959575
Martinique,3,Martinique,374271
Martinique,3,North America,420892154
Martinique,4,Martinique,432543
Martinique,4,North America,485637041
Martinique,5,Martinique,392181
Martinique,5,North America,542328470
Martinique,6,Martinique,383515
Martinique,6,North America,570000335
Martinique,7,Martinique,370391
Martinique,7,North America,593866202
Mauritania,1,Mauritania,1122198
Mauritania,1,Africa,364322150
Mauritania,2,Mauritania,1506694
Mauritania,2,Africa,480029683
Mauritania,3,Mauritania,2006027
Mauritania,3,Africa,636144602
Mauritania,4,Mauritania,2695003
Mauritania,4,Africa,816251029
Mauritania,5,Mauritania,3419461
Mauritania,5,Africa,1051808611
Mauritania,6,Mauritania,3946220
Mauritania,6,Africa,1197156222
Mauritania,7,Mauritania,4498604
Mauritania,7,Africa,1356173206
Mauritius,1,Mauritius,830115
Mauritius,1,Africa,364614233
Mauritius,2,Mauritius,954865
Mauritius,2,Africa,480581512
Mauritius,3,Mauritius,1090290
Mauritius,3,Africa,637060339
Mauritius,4,Mauritius,1215930
Mauritius,4,Africa,817730102
Mauritius,5,Mauritius,1283330
Mauritius,5,Africa,1053944742
Mauritius,6,Mauritius,1293153
Mauritius,6,Africa,1199809289
Mauritius,7,Mauritius,1297828
Mauritius,7,Africa,1359373982
Mayotte,1,Mayotte,35383
Mayotte,1,Africa,365408965
Mayotte,2,Mayotte,52233
Mayotte,2,Africa,481484144
Mayotte,3,Mayotte,92659
Mayotte,3,Africa,638057970
Mayotte,4,Mayotte,159215
Mayotte,4,Africa,818786817
Mayotte,5,Mayotte,211786
Mayotte,5,Africa,1055016286
Mayotte,6,Mayotte,249545
Mayotte,6,Africa,1200852897
Mayotte,7,Mayotte,305587
Mayotte,7,Africa,1360366223
Mexico,1,Mexico,50289306
Mexico,1,North America,265145300
Mexico,2,Mexico,67705186
Mexico,2,North America,300588175
Mexico,3,Mexico,81720428
Mexico,3,North America,339545997
Mexico,4,Mexico,97873442
Mexico,4,North America,388196142
Mexico,5,Mexico,112532401
Mexico,5,North America,430188250
Mexico,6,Mexico,120149897
Mexico,6,North America,450233953
Mexico,7,Mexico,125998302
Mexico,7,North America,468238291
Micronesia,1,Micronesia,58989
Micronesia,1,Oceania,19421281
Micronesia,2,Micronesia,76299
Micronesia,2,Oceania,22843941
Micronesia,3,Micronesia,98603
Micronesia,3,Oceania,26645219
Micronesia,4,Micronesia,111709
Micronesia,4,Oceania,31111069
Micronesia,5,Micronesia,107588
Micronesia,5,Oceania,36995176
Micronesia,6,Micronesia,109462
Micronesia,6,Oceania,40293821
Micronesia,7,Micronesia,112106
Micronesia,7,Oceania,43821320
Moldova,1,Moldova,3711140
Moldova,1,Europe,652212851
Moldova,2,Moldova,4103240
Moldova,2,Europe,688423919
Moldova,3,Moldova,4480199
Moldova,3,Europe,715840598
Moldova,4,Moldova,4251573
Moldova,4,Europe,721841850
Moldova,5,Moldova,3678186
Moldova,5,Europe,731935748
Moldova,6,Moldova,3277388
Moldova,6,Europe,738258220
Moldova,7,Moldova,3084847
Moldova,7,Europe,742707349
Monaco,1,Monaco,24270
Monaco,1,Europe,655899721
Monaco,2,Monaco,27076
Monaco,2,Europe,692500083
Monaco,3,Monaco,30329
Monaco,3,Europe,720290468
Monaco,4,Monaco,32465
Monaco,4,Europe,726060958
Monaco,5,Monaco,33178
Monaco,5,Europe,735580756
Monaco,6,Monaco,36760
Monaco,6,Europe,741498848
Monaco,7,Monaco,36922
Monaco,7,Europe,745755274
Mongolia,1,Mongolia,1293880
Mongolia,1,Asia,2143612410
Mongolia,2,Mongolia,1697780
Mongolia,2,Asia,2633636448
Mongolia,3,Mongolia,2161433
Mongolia,3,Asia,3208402144
Mongolia,4,Mongolia,2450979
Mongolia,4,Asia,3732638625
Mongolia,5,Mongolia,2702520
Mongolia,5,Asia,4217338807
Mongolia,6,Mongolia,2964749
Mongolia,6,Asia,4455285433
Mongolia,7,Mongolia,3294335
Mongolia,7,Asia,4659792200
Montenegro,1,Montenegro,530268
Montenegro,1,Europe,655393723
Montenegro,2,Montenegro,589324
Montenegro,2,Europe,691937835
Montenegro,3,Montenegro,621442
Montenegro,3,Europe,719699355
Montenegro,4,Montenegro,633324
Montenegro,4,Europe,725460099
Montenegro,5,Montenegro,631044
Montenegro,5,Europe,734982890
Montenegro,6,Montenegro,633966
Montenegro,6,Europe,740901642
Montenegro,7,Montenegro,629048
Montenegro,7,Europe,745163148
Montserrat,1,Montserrat,11402
Montserrat,1,North America,315423204
Montserrat,2,Montserrat,11452
Montserrat,2,North America,368281909
Montserrat,3,Montserrat,10805
Montserrat,3,North America,421255620
Montserrat,4,Montserrat,5138
Montserrat,4,North America,486064446
Montserrat,5,Montserrat,4938
Montserrat,5,North America,542715713
Montserrat,6,Montserrat,5059
Montserrat,6,North America,570378791
Montserrat,7,Montserrat,4500
Montserrat,7,North America,594232093
Morocco,1,Morocco,15274351
Morocco,1,Africa,350169997
Morocco,2,Morocco,19678444
Morocco,2,Africa,461857933
Morocco,3,Morocco,24570814
Morocco,3,Africa,613579815
Morocco,4,Morocco,28554415
Morocco,4,Africa,790391617
Morocco,5,Morocco,32464865
Morocco,5,Africa,1022763207
Morocco,6,Morocco,34680458
Morocco,6,Africa,1166421984
Morocco,7,Morocco,36688772
Morocco,7,Africa,1323983038
Mozambique,1,Mozambique,8411676
Mozambique,1,Africa,357032672
Mozambique,2,Mozambique,11413587
Mozambique,2,Africa,470122790
Mozambique,3,Mozambique,13303459
Mozambique,3,Africa,624847170
Mozambique,4,Mozambique,17768505
Mozambique,4,Africa,801177527
Mozambique,5,Mozambique,23073723
Mozambique,5,Africa,1032154349
Mozambique,6,Mozambique,26843246
Mozambique,6,Africa,1174259196
Mozambique,7,Mozambique,31178239
Mozambique,7,Africa,1329493571
Myanmar,1,Myanmar,27284112
Myanmar,1,Asia,2117622178
Myanmar,2,Myanmar,33465781
Myanmar,2,Asia,2601868447
Myanmar,3,Myanmar,40099553
Myanmar,3,Asia,3170464024
Myanmar,4,Myanmar,45538332
Myanmar,4,Asia,3689551272
Myanmar,5,Myanmar,49390988
Myanmar,5,Asia,4170650339
Myanmar,6,Myanmar,51483949
Myanmar,6,Asia,4406766233
Myanmar,7,Myanmar,53423198
Myanmar,7,Asia,4609663337
Namibia,1,Namibia,754467
Namibia,1,Africa,364689881
Namibia,2,Namibia,975994
Namibia,2,Africa,480560383
Namibia,3,Namibia,1369011
Namibia,3,Africa,636781618
Namibia,4,Namibia,1819141
Namibia,4,Africa,817126891
Namibia,5,Namibia,2099271
Namibia,5,Africa,1053128801
Namibia,6,Namibia,2282704
Namibia,6,Africa,1198819738
Namibia,7,Namibia,2489098
Namibia,7,Africa,1358182712
Nauru,1,Nauru,6663
Nauru,1,Oceania,19473607
Nauru,2,Nauru,7635
Nauru,2,Oceania,22912605
Nauru,3,Nauru,9598
Nauru,3,Oceania,26734224
Nauru,4,Nauru,10377
Nauru,4,Oceania,31212401
Nauru,5,Nauru,10241
Nauru,5,Oceania,37092523
Nauru,6,Nauru,11185
Nauru,6,Oceania,40392098
Nauru,7,Nauru,12315
Nauru,7,Oceania,43921111
Nepal,1,Nepal,12501285
Nepal,1,Asia,2132405005
Nepal,2,Nepal,15600442
Nepal,2,Asia,2619733786
Nepal,3,Nepal,19616530
Nepal,3,Asia,3190947047
Nepal,4,Nepal,24559500
Nepal,4,Asia,3710530104
Nepal,5,Nepal,27161567
Nepal,5,Asia,4192879760
Nepal,6,Nepal,27610325
Nepal,6,Asia,4430639857
Nepal,7,Nepal,29348627
Nepal,7,Asia,4633737908
Netherlands,1,Netherlands,13037686
Netherlands,1,Europe,642886305
Netherlands,2,Netherlands,14130387
Netherlands,2,Europe,678396772
Netherlands,3,Netherlands,14944548
Netherlands,3,Europe,705376249
Netherlands,4,Netherlands,15899135
Netherlands,4,Europe,710194288
Netherlands,5,Netherlands,16617116
Netherlands,5,Europe,718996818
Netherlands,6,Netherlands,17041107
Netherlands,6,Europe,724494501
Netherlands,7,Netherlands,17434557
Netherlands,7,Europe,728357639
New Caledonia,1,New Caledonia,110982
New Caledonia,1,Oceania,19369288
New Caledonia,2,New Caledonia,148599
New Caledonia,2,Oceania,22771641
New Caledonia,3,New Caledonia,177264
New Caledonia,3,Oceania,26566558
New Caledonia,4,New Caledonia,221537
New Caledonia,4,Oceania,31001241
New Caledonia,5,New Caledonia,261426
New Caledonia,5,Oceania,36841338
New Caledonia,6,New Caledonia,283032
New Caledonia,6,Oceania,40120251
New Caledonia,7,New Caledonia,286403
New Caledonia,7,Oceania,43647023
New Zealand,1,New Zealand,2824061
New Zealand,1,Oceania,16656209
New Zealand,2,New Zealand,3147168
New Zealand,2,Oceania,19773072
New Zealand,3,New Zealand,3397389
New Zealand,3,Oceania,23346433
New Zealand,4,New Zealand,3855266
New Zealand,4,Oceania,27367512
New Zealand,5,New Zealand,4346338
New Zealand,5,Oceania,32756426
New Zealand,6,New Zealand,4590590
New Zealand,6,Oceania,35812693
New Zealand,7,New Zealand,5061133
New Zealand,7,Oceania,38872293
Nicaragua,1,Nicaragua,2444767
Nicaragua,1,North America,312989839
Nicaragua,2,Nicaragua,3303309
Nicaragua,2,North America,364990052
Nicaragua,3,Nicaragua,4227820
Nicaragua,3,North America,417038605
Nicaragua,4,Nicaragua,5123222
Nicaragua,4,North America,480946362
Nicaragua,5,Nicaragua,5855734
Nicaragua,5,North America,536864917
Nicaragua,6,Nicaragua,6298598
Nicaragua,6,North America,564085252
Nicaragua,7,Nicaragua,6755895
Nicaragua,7,North America,587480698
Niger,1,Niger,4669708
Niger,1,Africa,360774640
Niger,2,Niger,6173177
Niger,2,Africa,475363200
Niger,3,Niger,8370647
Niger,3,Africa,629779982
Niger,4,Niger,11622665
Niger,4,Africa,807323367
Niger,5,Niger,16647543
Niger,5,Africa,1038580529
Niger,6,Niger,20128124
Niger,6,Africa,1180974318
Niger,7,Niger,24333639
Niger,7,Africa,1336338171
Nigeria,1,Nigeria,55569264
Nigeria,1,Africa,309875084
Nigeria,2,Nigeria,72951439
Nigeria,2,Africa,408584938
Nigeria,3,Nigeria,95214257
Nigeria,3,Africa,542936372
Nigeria,4,Nigeria,122851984
Nigeria,4,Africa,696094048
Nigeria,5,Nigeria,160952853
Nigeria,5,Africa,894275219
Nigeria,6,Nigeria,183995785
Nigeria,6,Africa,1017106657
Nigeria,7,Nigeria,208327405
Nigeria,7,Africa,1152344405
Niue,1,Niue,5185
Niue,1,Oceania,19475085
Niue,2,Niue,3637
Niue,2,Oceania,22916603
Niue,3,Niue,2533
Niue,3,Oceania,26741289
Niue,4,Niue,2074
Niue,4,Oceania,31220704
Niue,5,Niue,1812
Niue,5,Oceania,37100952
Niue,6,Niue,1847
Niue,6,Oceania,40401436
Niue,7,Niue,1942
Niue,7,Oceania,43931484
North Korea,1,North Korea,14996879
North Korea,1,Asia,2129909411
North Korea,2,North Korea,17973650
North Korea,2,Asia,2617360578
North Korea,3,North Korea,20799523
North Korea,3,Asia,3189764054
North Korea,4,North Korea,23367059
North Korea,4,Asia,3711722545
North Korea,5,North Korea,24686435
North Korea,5,Asia,4195354892
North Korea,6,North Korea,25258015
North Korea,6,Asia,4432992167
North Korea,7,North Korea,25867467
North Korea,7,Asia,4637219068
North Macedonia,1,North Macedonia,1656783
North Macedonia,1,Europe,654267208
North Macedonia,2,North Macedonia,1907023
North Macedonia,2,Europe,690620136
North Macedonia,3,North Macedonia,2044174
North Macedonia,3,Europe,718276623
North Macedonia,4,North Macedonia,2037936
North Macedonia,4,Europe,724055487
North Macedonia,5,North Macedonia,2093828
North Macedonia,5,Europe,733520106
North Macedonia,6,North Macedonia,2107962
North Macedonia,6,Europe,739427646
North Macedonia,7,North Macedonia,2111072
North Macedonia,7,Europe,743681124
Northern Mariana Islands,1,Northern Mariana Islands,10143
Northern Mariana Islands,1,Oceania,19470127
Northern Mariana Islands,2,Northern Mariana Islands,17613
Northern Mariana Islands,2,Oceania,22902627
Northern Mariana Islands,3,Northern Mariana Islands,48002
Northern Mariana Islands,3,Oceania,26695820
Northern Mariana Islands,4,Northern Mariana Islands,80338
Northern Mariana Islands,4,Oceania,31142440
Northern Mariana Islands,5,Northern Mariana Islands,54087
Northern Mariana Islands,5,Oceania,37048677
Northern Mariana Islands,6,Northern Mariana Islands,51514
Northern Mariana Islands,6,Oceania,40351769
Northern Mariana Islands,7,Northern Mariana Islands,49587
Northern Mariana Islands,7,Oceania,43883839
Norway,1,Norway,3875546
Norway,1,Europe,652048445
Norway,2,Norway,4085776
Norway,2,Europe,688441383
Norway,3,Norway,4241636
Norway,3,Europe,716079161
Norway,4,Norway,4491202
Norway,4,Europe,721602221
Norway,5,Norway,4889741
Norway,5,Europe,730724193
Norway,6,Norway,5190356
Norway,6,Europe,736345252
Norway,7,Norway,5379839
Norway,7,Europe,740412357
Oman,1,Oman,670693
Oman,1,Asia,2144235597
Oman,2,Oman,1017462
Oman,2,Asia,2634316766
Oman,3,Oman,1804524
Oman,3,Asia,3208759053
Oman,4,Oman,2344253
Oman,4,Asia,3732745351
Oman,5,Oman,2881914
Oman,5,Asia,4217159413
Oman,6,Oman,4191776
Oman,6,Asia,4454058406
Oman,7,Oman,4543399
Oman,7,Asia,4658543136
Pakistan,1,Pakistan,59290872
Pakistan,1,Asia,2085615418
Pakistan,2,Pakistan,80624057
Pakistan,2,Asia,2554710171
Pakistan,3,Pakistan,115414069
Pakistan,3,Asia,3095149508
Pakistan,4,Pakistan,154369924
Pakistan,4,Asia,3580719680
Pakistan,5,Pakistan,194454498
Pakistan,5,Asia,4025586829
Pakistan,6,Pakistan,210969298
Pakistan,6,Asia,4247280884
Pakistan,7,Pakistan,227196741
Pakistan,7,Asia,4435889794
Palau,1,Palau,11366
Palau,1,Oceania,19468904
Palau,2,Palau,12252
Palau,2,Oceania,22907988
Palau,3,Palau,15293
Palau,3,Oceania,26728529
Palau,4,Palau,19726
Palau,4,Oceania,31203052
Palau,5,Palau,18540
Palau,5,Oceania,37084224
Palau,6,Palau,17794
Palau,6,Oceania,40385489
Palau,7,Palau,17972
Palau,7,Oceania,43915454
Palestine,1,Palestine,1118241
Palestine,1,Asia,2143788049
Palestine,2,Palestine,1453620
Palestine,2,Asia,2633880608
Palestine,3,Palestine,2124609
Palestine,3,Asia,3208438968
Palestine,4,Palestine,3139954
Palestine,4,Asia,3731949650
Palestine,5,Palestine,3992278
Palestine,5,Asia,4216049049
Palestine,6,Palestine,4484614
Palestine,6,Asia,4453765568
Palestine,7,Palestine,5019401
Palestine,7,Asia,4658067134
Panama,1,Panama,1516188
Panama,1,North America,313918418
Panama,2,Panama,1956987
Panama,2,North America,366336374
Panama,3,Panama,2449968
Panama,3,North America,418816457
Panama,4,Panama,3001731
Panama,4,North America,483067853
Panama,5,Panama,3623617
Panama,5,North America,539097034
Panama,6,Panama,3957099
Panama,6,North America,566426751
Panama,7,Panama,4294396
Panama,7,North America,589942197
Papua New Guinea,1,Papua New Guinea,2489059
Papua New Guinea,1,Oceania,16991211
Papua New Guinea,2,Papua New Guinea,3104788
Papua New Guinea,2,Oceania,19815452
Papua New Guinea,3,Papua New Guinea,3864972
Papua New Guinea,3,Oceania,22878850
Papua New Guinea,4,Papua New Guinea,5508297
Papua New Guinea,4,Oceania,25714481
Papua New Guinea,5,Papua New Guinea,7583269
Papua New Guinea,5,Oceania,29519495
Papua New Guinea,6,Papua New Guinea,8682174
Papua New Guinea,6,Oceania,31721109
Papua New Guinea,7,Papua New Guinea,9749640
Papua New Guinea,7,Oceania,34183786
Paraguay,1,Paraguay,2408787
Paraguay,1,South America,190538369
Paraguay,2,Paraguay,3078912
Paraguay,2,South America,238710094
Paraguay,3,Paraguay,4059195
Paraguay,3,South America,293087220
Paraguay,4,Paraguay,5123819
Paraguay,4,South America,344510463
Paraguay,5,Paraguay,5768613
Paraguay,5,South America,387309637
Paraguay,6,Paraguay,6177950
Paraguay,6,South America,406956446
Paraguay,7,Paraguay,6618695
Paraguay,7,South America,424911348
Peru,1,Peru,13562371
Peru,1,South America,179384785
Peru,2,Peru,17492406
Peru,2,South America,224296600
Peru,3,Peru,22109099
Peru,3,South America,275037316
Peru,4,Peru,26654439
Peru,4,South America,322979843
Peru,5,Peru,29229572
Peru,5,South America,363848678
Peru,6,Peru,30711863
Peru,6,South America,382422533
Peru,7,Peru,33304756
Peru,7,South America,398225287
Philippines,1,Philippines,37435586
Philippines,1,Asia,2107470704
Philippines,2,Philippines,48419546
Philippines,2,Asia,2586914682
Philippines,3,Philippines,61558898
Philippines,3,Asia,3149004679
Philippines,4,Philippines,77958223
Philippines,4,Asia,3657131381
Philippines,5,Philippines,94636700
Philippines,5,Asia,4125404627
Philippines,6,Philippines,103031365
Philippines,6,Asia,4355218817
Philippines,7,Philippines,112190977
Philippines,7,Asia,4550895558
Poland,1,Poland,32482943
Poland,1,Europe,623441048
Poland,2,Poland,35521429
Poland,2,Europe,657005730
Poland,3,Poland,38064255
Poland,3,Europe,682256542
Poland,4,Poland,38504431
Poland,4,Europe,687588992
Poland,5,Poland,38597353
Poland,5,Europe,697016581
Poland,6,Poland,38553146
Poland,6,Europe,702982462
Poland,7,Poland,38428366
Poland,7,Europe,707363830
Portugal,1,Portugal,8683631
Portugal,1,Europe,647240360
Portugal,2,Portugal,9785252
Portugal,2,Europe,682741907
Portugal,3,Portugal,10007346
Portugal,3,Europe,710313451
Portugal,4,Portugal,10300626
Portugal,4,Europe,715792797
Portugal,5,Portugal,10588401
Portugal,5,Europe,725025533
Portugal,6,Portugal,10365435
Portugal,6,Europe,731170173
Portugal,7,Portugal,10298192
Portugal,7,Europe,735494004
Puerto Rico,1,Puerto Rico,2737619
Puerto Rico,1,North America,312696987
Puerto Rico,2,Puerto Rico,3214568
Puerto Rico,2,North America,365078793
Puerto Rico,3,Puerto Rico,3543776
Puerto Rico,3,North America,417722649
Puerto Rico,4,Puerto Rico,3827108
Puerto Rico,4,North America,482242476
Puerto Rico,5,Puerto Rico,3717922
Puerto Rico,5,North America,539002729
Puerto Rico,6,Puerto Rico,3497335
Puerto Rico,6,North America,566886515
Puerto Rico,7,Puerto Rico,3271564
Puerto Rico,7,North America,590965029
Qatar,1,Qatar,118007
Qatar,1,Asia,2144788283
Qatar,2,Qatar,277450
Qatar,2,Asia,2635056778
Qatar,3,Qatar,441675
Qatar,3,Asia,3210121902
Qatar,4,Qatar,645937
Qatar,4,Asia,3734443667
Qatar,5,Qatar,1713504
Qatar,5,Asia,4218327823
Qatar,6,Qatar,2414573
Qatar,6,Asia,4455835609
Qatar,7,Qatar,2760385
Qatar,7,Asia,4660326150
Republic of the Congo,1,Republic of the Congo,1396989
Republic of the Congo,1,Africa,364047359
Republic of the Congo,2,Republic of the Congo,1829256
Republic of the Congo,2,Africa,479707121
Republic of the Congo,3,Republic of the Congo,2385435
Republic of the Congo,3,Africa,635765194
Republic of the Congo,4,Republic of the Congo,3134030
Republic of the Congo,4,Africa,815812002
Republic of the Congo,5,Republic of the Congo,4437884
Republic of the Congo,5,Africa,1050790188
Republic of the Congo,6,Republic of the Congo,5064386
Republic of the Congo,6,Africa,1196038056
Republic of the Congo,7,Republic of the Congo,5702174
Republic of the Congo,7,Africa,1354969636
Reunion,1,Reunion,473925
Reunion,1,Africa,364970423
Reunion,2,Reunion,551674
Reunion,2,Africa,480984703
Reunion,3,Reunion,658992
Reunion,3,Africa,637491637
Reunion,4,Reunion,785424
Reunion,4,Africa,818160608
Reunion,5,Reunion,890130
Reunion,5,Africa,1054337942
Reunion,6,Reunion,922495
Reunion,6,Africa,1200179947
Reunion,7,Reunion,957822
Reunion,7,Africa,1359713988
Romania,1,Romania,19922618
Romania,1,Europe,636001373
Romania,2,Romania,22125224
Romania,2,Europe,670401935
Romania,3,Romania,22836234
Romania,3,Europe,697484563
Romania,4,Romania,21919876
Romania,4,Europe,704173547
Romania,5,Romania,20335211
Romania,5,Europe,715278723
Romania,6,Romania,19906079
Romania,6,Europe,721629529
Romania,7,Romania,19442038
Romania,7,Europe,726350158
Russia,1,Russia,130093010
Russia,1,Europe,525830981
Russia,2,Russia,138257420
Russia,2,Europe,554269739
Russia,3,Russia,148005704
Russia,3,Europe,572315093
Russia,4,Russia,146844839
Russia,4,Europe,579248584
Russia,5,Russia,143242599
Russia,5,Europe,592371335
Russia,6,Russia,144668389
Russia,6,Europe,596867219
Russia,7,Russia,145617329
Russia,7,Europe,600174867
Rwanda,1,Rwanda,3896367
Rwanda,1,Africa,361547981
Rwanda,2,Rwanda,5247532
Rwanda,2,Africa,476288845
Rwanda,3,Rwanda,7319962
Rwanda,3,Africa,630830667
Rwanda,4,Rwanda,8109989
Rwanda,4,Africa,810836043
Rwanda,5,Rwanda,10309031
Rwanda,5,Africa,1044919041
Rwanda,6,Rwanda,11642959
Rwanda,6,Africa,1189459483
Rwanda,7,Rwanda,13146362
Rwanda,7,Africa,1347525448
Saint Barthelemy,1,Saint Barthelemy,2417
Saint Barthelemy,1,North America,315432189
Saint Barthelemy,2,Saint Barthelemy,2983
Saint Barthelemy,2,North America,368290378
Saint Barthelemy,3,Saint Barthelemy,5168
Saint Barthelemy,3,North America,421261257
Saint Barthelemy,4,Saint Barthelemy,7082
Saint Barthelemy,4,North America,486062502
Saint Barthelemy,5,Saint Barthelemy,8988
Saint Barthelemy,5,North America,542711663
Saint Barthelemy,6,Saint Barthelemy,9643
Saint Barthelemy,6,North America,570374207
Saint Barthelemy,7,Saint Barthelemy,10681
Saint Barthelemy,7,North America,594225912
Saint Kitts and Nevis,1,Saint Kitts and Nevis,44968
Saint Kitts and Nevis,1,North America,315389638
Saint Kitts and Nevis,2,Saint Kitts and Nevis,43097
Saint Kitts and Nevis,2,North America,368250264
Saint Kitts and Nevis,3,Saint Kitts and Nevis,40636
Saint Kitts and Nevis,3,North America,421225789
Saint Kitts and Nevis,4,Saint Kitts and Nevis,45461
Saint Kitts and Nevis,4,North America,486024123
Saint Kitts and Nevis,5,Saint Kitts and Nevis,47403
Saint Kitts and Nevis,5,North America,542673248
Saint Kitts and Nevis,6,Saint Kitts and Nevis,47790
Saint Kitts and Nevis,6,North America,570336060
Saint Kitts and Nevis,7,Saint Kitts and Nevis,47642
Saint Kitts and Nevis,7,North America,594188951
Saint Lucia,1,Saint Lucia,103090
Saint Lucia,1,North America,315331516
Saint Lucia,2,Saint Lucia,121633
Saint Lucia,2,North America,368171728
Saint Lucia,3,Saint Lucia,142301
Saint Lucia,3,North America,421124124
Saint Lucia,4,Saint Lucia,159500
Saint Lucia,4,North America,485910084
Saint Lucia,5,Saint Lucia,170935
Saint Lucia,5,North America,542549716
Saint Lucia,6,Saint Lucia,175623
Saint Lucia,6,North America,570208227
Saint Lucia,7,Saint Lucia,179237
Saint Lucia,7,North America,594057356
Saint Martin,1,Saint Martin,5802
Saint Martin,1,North America,315428804
Saint Martin,2,Saint Martin,7776
Saint Martin,2,North America,368285585
Saint Martin,3,Saint Martin,28127
Saint Martin,3,North America,421238298
Saint Martin,4,Saint Martin,29610
Saint Martin,4,North America,486039974
Saint Martin,5,Saint Martin,36458
Saint Martin,5,North America,542684193
Saint Martin,6,Saint Martin,35020
Saint Martin,6,North America,570348830
Saint Martin,7,Saint Martin,32552
Saint Martin,7,North America,594204041
Saint Pierre and Miquelon,1,Saint Pierre and Miquelon,5537
Saint Pierre and Miquelon,1,North America,315429069
Saint Pierre and Miquelon,2,Saint Pierre and Miquelon,6106
Saint Pierre and Miquelon,2,North America,368287255
Saint Pierre and Miquelon,3,Saint Pierre and Miquelon,6324
Saint Pierre and Miquelon,3,North America,421260101
Saint Pierre and Miquelon,4,Saint Pierre and Miquelon,6274
Saint Pierre and Miquelon,4,North America,486063310
Saint Pierre and Miquelon,5,Saint Pierre and Miquelon,6052
Saint Pierre and Miquelon,5,North America,542714599
Saint Pierre and Miquelon,6,Saint Pierre and Miquelon,5978
Saint Pierre and Miquelon,6,North America,570377872
Saint Pierre and Miquelon,7,Saint Pierre and Miquelon,5906
Saint Pierre and Miquelon,7,North America,594230687
Saint Vincent and the Grenadines,1,Saint Vincent and the Grenadines,98459
Saint Vincent and the Grenadines,1,North America,315336147
Saint Vincent and the Grenadines,2,Saint Vincent and the Grenadines,107480
Saint Vincent and the Grenadines,2,North America,368185881
Saint Vincent and the Grenadines,3,Saint Vincent and the Grenadines,112487
Saint Vincent and the Grenadines,3,North America,421153938
Saint Vincent and the Grenadines,4,Saint Vincent and the Grenadines,113813
Saint Vincent and the Grenadines,4,North America,485955771
Saint Vincent and the Grenadines,5,Saint Vincent and the Grenadines,109308
Saint Vincent and the Grenadines,5,North America,542611343
Saint Vincent and the Grenadines,6,Saint Vincent and the Grenadines,106482
Saint Vincent and the Grenadines,6,North America,570277368
Saint Vincent and the Grenadines,7,Saint Vincent and the Grenadines,104632
Saint Vincent and the Grenadines,7,North America,594131961
Samoa,1,Samoa,142771
Samoa,1,Oceania,19337499
Samoa,2,Samoa,164905
Samoa,2,Oceania,22755335
Samoa,3,Samoa,168186
Samoa,3,Oceania,26575636
Samoa,4,Samoa,184008
Samoa,4,Oceania,31038770
Samoa,5,Samoa,194672
Samoa,5,Oceania,36908092
Samoa,6,Samoa,203571
Samoa,6,Oceania,40199712
Samoa,7,Samoa,214929
Samoa,7,Oceania,43718497
San Marino,1,San Marino,18169
San Marino,1,Europe,655905822
San Marino,2,San Marino,21346
San Marino,2,Europe,692505813
San Marino,3,San Marino,23132
San Marino,3,Europe,720297665
San Marino,4,San Marino,26823
San Marino,4,Europe,726066600
San Marino,5,San Marino,31608
San Marino,5,Europe,735582326
San Marino,6,San Marino,33570
San Marino,6,Europe,741502038
San Marino,7,San Marino,34007
San Marino,7,Europe,745758189
Sao Tome and Principe,1,Sao Tome and Principe,77583
Sao Tome and Principe,1,Africa,365366765
Sao Tome and Principe,2,Sao Tome and Principe,97210
Sao Tome and Principe,2,Africa,481439167
Sao Tome and Principe,3,Sao Tome and Principe,120343
Sao Tome and Principe,3,Africa,638030286
Sao Tome and Principe,4,Sao Tome and Principe,143714
Sao Tome and Principe,4,Africa,818802318
Sao Tome and Principe,5,Sao Tome and Principe,182138
Sao Tome and Principe,5,Africa,1055045934
Sao Tome and Principe,6,Sao Tome and Principe,201124
Sao Tome and Principe,6,Africa,1200901318
Sao Tome and Principe,7,Sao Tome and Principe,218641
Sao Tome and Principe,7,Africa,1360453169
Saudi Arabia,1,Saudi Arabia,6106191
Saudi Arabia,1,Asia,2138800099
Saudi Arabia,2,Saudi Arabia,10171710
Saudi Arabia,2,Asia,2625162518
Saudi Arabia,3,Saudi Arabia,16004763
Saudi Arabia,3,Asia,3194558814
Saudi Arabia,4,Saudi Arabia,21547390
Saudi Arabia,4,Asia,3713542214
Saudi Arabia,5,Saudi Arabia,29411929
Saudi Arabia,5,Asia,4190629398
Saudi Arabia,6,Saudi Arabia,32749848
Saudi Arabia,6,Asia,4425500334
Saudi Arabia,7,Saudi Arabia,35997107
Saudi Arabia,7,Asia,4627089428
Senegal,1,Senegal,4367744
Senegal,1,Africa,361076604
Senegal,2,Senegal,5703869
Senegal,2,Africa,475832508
Senegal,3,Senegal,7536001
Senegal,3,Africa,630614628
Senegal,4,Senegal,9704287
Senegal,4,Africa,809241745
Senegal,5,Senegal,12530121
Senegal,5,Africa,1042697951
Senegal,6,Senegal,14356181
Senegal,6,Africa,1186746261
Senegal,7,Senegal,16436119
Senegal,7,Africa,1344235691
Serbia,1,Serbia,7193533
Serbia,1,Europe,648730458
Serbia,2,Serbia,7777010
Serbia,2,Europe,684750149
Serbia,3,Serbia,7987529
Serbia,3,Europe,712333268
Serbia,4,Serbia,7935022
Serbia,4,Europe,718158401
Serbia,5,Serbia,7653748
Serbia,5,Europe,727960186
Serbia,6,Serbia,7519496
Serbia,6,Europe,734016112
Serbia,7,Serbia,7358005
Serbia,7,Europe,738434191
Seychelles,1,Seychelles,54379
Seychelles,1,Africa,365389969
Seychelles,2,Seychelles,65290
Seychelles,2,Africa,481471087
Seychelles,3,Seychelles,71057
Seychelles,3,Africa,638079572
Seychelles,4,Seychelles,80060
Seychelles,4,Africa,818865972
Seychelles,5,Seychelles,92409
Seychelles,5,Africa,1055135663
Seychelles,6,Seychelles,99240
Seychelles,6,Africa,1201003202
Seychelles,7,Seychelles,105530
Seychelles,7,Africa,1360566280
Sierra Leone,1,Sierra Leone,2778557
Sierra Leone,1,Africa,362665791
Sierra Leone,2,Sierra Leone,3367477
Sierra Leone,2,Africa,478168900
Sierra Leone,3,Sierra Leone,4325388
Sierra Leone,3,Africa,633825241
Sierra Leone,4,Sierra Leone,4584067
Sierra Leone,4,Africa,814361965
Sierra Leone,5,Sierra Leone,6436698
Sierra Leone,5,Africa,1048791374
Sierra Leone,6,Sierra Leone,7314773
Sierra Leone,6,Africa,1193787669
Sierra Leone,7,Sierra Leone,8233969
Sierra Leone,7,Africa,1352437841
Singapore,1,Singapore,2061831
Singapore,1,Asia,2142844459
Singapore,2,Singapore,2400729
Singapore,2,Asia,2632933499
Singapore,3,Singapore,3022209
Singapore,3,Asia,3207541368
Singapore,4,Singapore,4053602
Singapore,4,Asia,3731036002
Singapore,5,Singapore,5163590
Singapore,5,Asia,4214877737
Singapore,6,Singapore,5650018
Singapore,6,Asia,4452600164
Singapore,7,Singapore,5909869
Singapore,7,Asia,4657176666
Sint Maarten,1,Sint Maarten,6260
Sint Maarten,1,North America,315428346
Sint Maarten,2,Sint Maarten,12243
Sint Maarten,2,North America,368281118
Sint Maarten,3,Sint Maarten,27845
Sint Maarten,3,North America,421238580
Sint Maarten,4,Sint Maarten,30489
Sint Maarten,4,North America,486039095
Sint Maarten,5,Sint Maarten,33034
Sint Maarten,5,North America,542687617
Sint Maarten,6,Sint Maarten,40205
Sint Maarten,6,North America,570343645
Sint Maarten,7,Sint Maarten,43621
Sint Maarten,7,North America,594192972
Slovakia,1,Slovakia,4522867
Slovakia,1,Europe,651401124
Slovakia,2,Slovakia,4973883
Slovakia,2,Europe,687553276
Slovakia,3,Slovakia,5261305
Slovakia,3,Europe,715059492
Slovakia,4,Slovakia,5376690
Slovakia,4,Europe,720716733
Slovakia,5,Slovakia,5396424
Slovakia,5,Europe,730217510
Slovakia,6,Slovakia,5424444
Slovakia,6,Europe,736111164
Slovakia,7,Slovakia,5456681
Slovakia,7,Europe,740335515
Slovenia,1,Slovenia,1741286
Slovenia,1,Europe,654182705
Slovenia,2,Slovenia,1901570
Slovenia,2,Europe,690625589
Slovenia,3,Slovenia,1986024
Slovenia,3,Europe,718334773
Slovenia,4,Slovenia,1984339
Slovenia,4,Europe,724109084
Slovenia,5,Slovenia,2057286
Slovenia,5,Europe,733556648
Slovenia,6,Slovenia,2080862
Slovenia,6,Europe,739454746
Slovenia,7,Slovenia,2117641
Slovenia,7,Europe,743674555
Solomon Islands,1,Solomon Islands,172833
Solomon Islands,1,Oceania,19307437
Solomon Islands,2,Solomon Islands,233668
Solomon Islands,2,Oceania,22686572
Solomon Islands,3,Solomon Islands,324171
Solomon Islands,3,Oceania,26419651
Solomon Islands,4,Solomon Islands,429978
Solomon Islands,4,Oceania,30792800
Solomon Islands,5,Solomon Islands,540394
Solomon Islands,5,Oceania,36562370
Solomon Islands,6,Solomon Islands,612660
Solomon Islands,6,Oceania,39790623
Solomon Islands,7,Solomon Islands,691191
Solomon Islands,7,Oceania,43242235
Somalia,1,Somalia,3720977
Somalia,1,Africa,361723371
Somalia,2,Somalia,5892224
Somalia,2,Africa,475644153
Somalia,3,Somalia,6999096
Somalia,3,Africa,631151533
Somalia,4,Somalia,8721465
Somalia,4,Africa,810224567
Somalia,5,Somalia,12026649
Somalia,5,Africa,1043201423
Somalia,6,Somalia,13763906
Somalia,6,Africa,1187338536
Somalia,7,Somalia,16537016
Somalia,7,Africa,1344134794
South Africa,1,South Africa,22368306
South Africa,1,Africa,343076042
South Africa,2,South Africa,29463549
South Africa,2,Africa,452072828
South Africa,3,South Africa,39877570
South Africa,3,Africa,598273059
South Africa,4,South Africa,46813266
South Africa,4,Africa,772132766
South Africa,5,South Africa,51784921
South Africa,5,Africa,1003443151
South Africa,6,South Africa,55876504
South Africa,6,Africa,1145225938
South Africa,7,South Africa,58801927
South Africa,7,Africa,1301869883
South Korea,1,South Korea,32601143
South Korea,1,Asia,2112305147
South Korea,2,South Korea,38170501
South Korea,2,Asia,2597163727
South Korea,3,South Korea,44120039
South Korea,3,Asia,3166443538
South Korea,4,South Korea,46788591
South Korea,4,Asia,3688301013
South Korea,5,South Korea,48813042
South Korea,5,Asia,4171228285
South Korea,6,South Korea,50994401
South Korea,6,Asia,4407255781
South Korea,7,South Korea,51844690
South Korea,7,Asia,4611241845
South Sudan,1,South Sudan,3342410
South Sudan,1,Africa,362101938
South Sudan,2,South Sudan,4192011
South Sudan,2,Africa,477344366
South Sudan,3,South Sudan,4750817
South Sudan,3,Africa,633399812
South Sudan,4,South Sudan,6114440
South Sudan,4,Africa,812831592
South Sudan,5,South Sudan,9714419
South Sudan,5,Africa,1045513653
South Sudan,6,South Sudan,11194299
South Sudan,6,Africa,1189908143
South Sudan,7,South Sudan,10606227
South Sudan,7,Africa,1350065583
Spain,1,Spain,33792617
Spain,1,Europe,622131374
Spain,2,Spain,37491666
Spain,2,Europe,655035493
Spain,3,Spain,38889889
Spain,3,Europe,681430908
Spain,4,Spain,40741651
Spain,4,Europe,685351772
Spain,5,Spain,46572772
Spain,5,Europe,689041162
Spain,6,Spain,46431342
Spain,6,Europe,695104266
Spain,7,Spain,47363807
Spain,7,Europe,698428389
Sri Lanka,1,Sri Lanka,12388769
Sri Lanka,1,Asia,2132517521
Sri Lanka,2,Sri Lanka,14943645
Sri Lanka,2,Asia,2620390583
Sri Lanka,3,Sri Lanka,17204094
Sri Lanka,3,Asia,3193359483
Sri Lanka,4,Sri Lanka,18776371
Sri Lanka,4,Asia,3716313233
Sri Lanka,5,Sri Lanka,20668557
Sri Lanka,5,Asia,4199372770
Sri Lanka,6,Sri Lanka,21336697
Sri Lanka,6,Asia,4436913485
Sri Lanka,7,Sri Lanka,21715079
Sri Lanka,7,Asia,4641371456
Sudan,1,Sudan,11305206
Sudan,1,Africa,354139142
Sudan,2,Sudan,16673586
Sudan,2,Africa,464862791
Sudan,3,Sudan,21090886
Sudan,3,Africa,617059743
Sudan,4,Sudan,26298773
Sudan,4,Africa,792647259
Sudan,5,Sudan,33739933
Sudan,5,Africa,1021488139
Sudan,6,Sudan,38171178
Sudan,6,Africa,1162931264
Sudan,7,Sudan,44440486
Sudan,7,Africa,1316231324
Suriname,1,Suriname,379918
Suriname,1,South America,192567238
Suriname,2,Suriname,375112
Suriname,2,South America,241413894
Suriname,3,Suriname,412756
Suriname,3,South America,296733659
Suriname,4,Suriname,478998
Suriname,4,South America,349155284
Suriname,5,Suriname,546080
Suriname,5,South America,392532170
Suriname,6,Suriname,575475
Suriname,6,South America,412558921
Suriname,7,Suriname,607065
Suriname,7,South America,430922978
Sweden,1,Sweden,8027702
Sweden,1,Europe,647896289
Sweden,2,Sweden,8311763
Sweden,2,Europe,684215396
Sweden,3,Sweden,8548406
Sweden,3,Europe,711772391
Sweden,4,Sweden,8871043
Sweden,4,Europe,717222380
Sweden,5,Sweden,9381729
Sweden,5,Europe,726232205
Sweden,6,Sweden,9849349
Sweden,6,Europe,731686259
Sweden,7,Sweden,10368969
Sweden,7,Europe,735423227
Switzerland,1,Switzerland,6181227
Switzerland,1,Europe,649742764
Switzerland,2,Switzerland,6319113
Switzerland,2,Europe,686208046
Switzerland,3,Switzerland,6711693
Switzerland,3,Europe,713609104
Switzerland,4,Switzerland,7182059
Switzerland,4,Europe,718911364
Switzerland,5,Switzerland,7822435
Switzerland,5,Europe,727791499
Switzerland,6,Switzerland,8281732
Switzerland,6,Europe,733253876
Switzerland,7,Switzerland,8638613
Switzerland,7,Europe,737153583
Syria,1,Syria,6319199
Syria,1,Asia,2138587091
Syria,2,Syria,8898954
Syria,2,Asia,2626435274
Syria,3,Syria,12408996
Syria,3,Asia,3198154581
Syria,4,Syria,16307654
Syria,4,Asia,3718781950
Syria,5,Syria,22337563
Syria,5,Asia,4197703764
Syria,6,Syria,19205178
Syria,6,Asia,4439045004
Syria,7,Syria,20772595
Syria,7,Asia,4642313940
Taiwan,1,Taiwan,14957870
Taiwan,1,Asia,2129948420
Taiwan,2,Taiwan,18100281
Taiwan,2,Asia,2617233947
Taiwan,3,Taiwan,20586174
Taiwan,3,Asia,3189977403
Taiwan,4,Taiwan,22194731
Taiwan,4,Asia,3712894873
Taiwan,5,Taiwan,23083083
Taiwan,5,Asia,4196958244
Taiwan,6,Taiwan,23512136
Taiwan,6,Asia,4434738046
Taiwan,7,Taiwan,23821464
Taiwan,7,Asia,4639265071
Tajikistan,1,Tajikistan,2993019
Tajikistan,1,Asia,2141913271
Tajikistan,2,Tajikistan,4045965
Tajikistan,2,Asia,2631288263
Tajikistan,3,Tajikistan,5417860
Tajikistan,3,Asia,3205145717
Tajikistan,4,Tajikistan,6272998
Tajikistan,4,Asia,3728816606
Tajikistan,5,Tajikistan,7621779
Tajikistan,5,Asia,4212419548
Tajikistan,6,Tajikistan,8524063
Tajikistan,6,Asia,4449726119
Tajikistan,7,Tajikistan,9543207
Tajikistan,7,Asia,4653543328
Tanzania,1,Tanzania,13618192
Tanzania,1,Africa,351826156
Tanzania,2,Tanzania,19297659
Tanzania,2,Africa,462238718
Tanzania,3,Tanzania,26206012
Tanzania,3,Africa,611944617
Tanzania,4,Tanzania,34463704
Tanzania,4,Africa,784482328
Tanzania,5,Tanzania,45110527
Tanzania,5,Africa,1010117545
Tanzania,6,Tanzania,52542823
Tanzania,6,Africa,1148559619
Tanzania,7,Tanzania,61704518
Tanzania,7,Africa,1298967292
Thailand,1,Thailand,35791728
Thailand,1,Asia,2109114562
Thailand,2,Thailand,45737753
Thailand,2,Asia,2589596475
Thailand,3,Thailand,55228410
Thailand,3,Asia,3155335167
Thailand,4,Thailand,63066603
Thailand,4,Asia,3672023001
Thailand,5,Thailand,68270489
Thailand,5,Asia,4151770838
Thailand,6,Thailand,70294397
Thailand,6,Asia,4387955785
Thailand,7,Thailand,71475664
Thailand,7,Asia,4591610871
Timor-Leste,1,Timor-Leste,554021
Timor-Leste,1,Asia,2144352269
Timor-Leste,2,Timor-Leste,642224
Timor-Leste,2,Asia,2634692004
Timor-Leste,3,Timor-Leste,758106
Timor-Leste,3,Asia,3209805471
Timor-Leste,4,Timor-Leste,878360
Timor-Leste,4,Asia,3734211244
Timor-Leste,5,Timor-Leste,1088486
Timor-Leste,5,Asia,4218952841
Timor-Leste,6,Timor-Leste,1205813
Timor-Leste,6,Asia,4457044369
Timor-Leste,7,Timor-Leste,1299995
Timor-Leste,7,Asia,4661786540
Togo,1,Togo,2197383
Togo,1,Africa,363246965
Togo,2,Togo,2838110
Togo,2,Africa,478698267
Togo,3,Togo,3875947
Togo,3,Africa,634274682
Togo,4,Togo,5008035
Togo,4,Africa,813937997
Togo,5,Togo,6571855
Togo,5,Africa,1048656217
Togo,6,Togo,7473229
Togo,6,Africa,1193629213
Togo,7,Togo,8442580
Togo,7,Africa,1352229230
Tokelau,1,Tokelau,1714
Tokelau,1,Oceania,19478556
Tokelau,2,Tokelau,1647
Tokelau,2,Oceania,22918593
Tokelau,3,Tokelau,1669
Tokelau,3,Oceania,26742153
Tokelau,4,Tokelau,1666
Tokelau,4,Oceania,31221112
Tokelau,5,Tokelau,1367
Tokelau,5,Oceania,37101397
Tokelau,6,Tokelau,1454
Tokelau,6,Oceania,40401829
Tokelau,7,Tokelau,1827
Tokelau,7,Oceania,43931599
Tonga,1,Tonga,86484
Tonga,1,Oceania,19393786
Tonga,2,Tonga,96708
Tonga,2,Oceania,22823532
Tonga,3,Tonga,98727
Tonga,3,Oceania,26645095
Tonga,4,Tonga,102603
Tonga,4,Oceania,31120175
Tonga,5,Tonga,107383
Tonga,5,Oceania,36995381
Tonga,6,Tonga,106122
Tonga,6,Oceania,40297161
Tonga,7,Tonga,105254
Tonga,7,Oceania,43828172
Trinidad and Tobago,1,Trinidad and Tobago,988890
Trinidad and Tobago,1,North America,314445716
Trinidad and Tobago,2,Trinidad and Tobago,1127852
Trinidad and Tobago,2,North America,367165509
Trinidad and Tobago,3,Trinidad and Tobago,1266518
Trinidad and Tobago,3,North America,419999907
Trinidad and Tobago,4,Trinidad and Tobago,1332203
Trinidad and Tobago,4,North America,484737381
Trinidad and Tobago,5,Trinidad and Tobago,1410296
Trinidad and Tobago,5,North America,541310355
Trinidad and Tobago,6,Trinidad and Tobago,1460177
Trinidad and Tobago,6,North America,568923673
Trinidad and Tobago,7,Trinidad and Tobago,1518147
Trinidad and Tobago,7,North America,592718446
Tunisia,1,Tunisia,5047404
Tunisia,1,Africa,360396944
Tunisia,2,Tunisia,6578156
Tunisia,2,Africa,474958221
Tunisia,3,Tunisia,8440023
Tunisia,3,Africa,629710606
Tunisia,4,Tunisia,9893316
Tunisia,4,Africa,809052716
Tunisia,5,Tunisia,10895063
Tunisia,5,Africa,1044333009
Tunisia,6,Tunisia,11557779
Tunisia,6,Africa,1189544663
Tunisia,7,Tunisia,12161723
Tunisia,7,Africa,1348510087
Turkey,1,Turkey,35540990
Turkey,1,Asia,2109365300
Turkey,2,Turkey,44089069
Turkey,2,Asia,2591245159
Turkey,3,Turkey,54324142
Turkey,3,Asia,3156239435
Turkey,4,Turkey,64113547
Turkey,4,Asia,3670976057
Turkey,5,Turkey,73195345
Turkey,5,Asia,4146845982
Turkey,6,Turkey,79646178
Turkey,6,Asia,4378604004
Turkey,7,Turkey,84135428
Turkey,7,Asia,4578951107
Turkmenistan,1,Turkmenistan,2201432
Turkmenistan,1,Asia,2142704858
Turkmenistan,2,Turkmenistan,2862903
Turkmenistan,2,Asia,2632471325
Turkmenistan,3,Turkmenistan,3720278
Turkmenistan,3,Asia,3206843299
Turkmenistan,4,Turkmenistan,4569132
Turkmenistan,4,Asia,3730520472
Turkmenistan,5,Turkmenistan,5267970
Turkmenistan,5,Asia,4214773357
Turkmenistan,6,Turkmenistan,5766431
Turkmenistan,6,Asia,4452483751
Turkmenistan,7,Turkmenistan,6250438
Turkmenistan,7,Asia,4656836097
Turks and Caicos Islands,1,Turks and Caicos Islands,5665
Turks and Caicos Islands,1,North America,315428941
Turks and Caicos Islands,2,Turks and Caicos Islands,7598
Turks and Caicos Islands,2,North America,368285763
Turks and Caicos Islands,3,Turks and Caicos Islands,11709
Turks and Caicos Islands,3,North America,421254716
Turks and Caicos Islands,4,Turks and Caicos Islands,18744
Turks and Caicos Islands,4,North America,486050840
Turks and Caicos Islands,5,Turks and Caicos Islands,29726
Turks and Caicos Islands,5,North America,542690925
Turks and Caicos Islands,6,Turks and Caicos Islands,36538
Turks and Caicos Islands,6,North America,570347312
Turks and Caicos Islands,7,Turks and Caicos Islands,44276
Turks and Caicos Islands,7,North America,594192317
Tuvalu,1,Tuvalu,5814
Tuvalu,1,Oceania,19474456
Tuvalu,2,Tuvalu,7731
Tuvalu,2,Oceania,22912509
Tuvalu,3,Tuvalu,9182
Tuvalu,3,Oceania,26734640
Tuvalu,4,Tuvalu,9638
Tuvalu,4,Oceania,31213140
Tuvalu,5,Tuvalu,10550
Tuvalu,5,Oceania,37092214
Tuvalu,6,Tuvalu,10877
Tuvalu,6,Oceania,40392406
Tuvalu,7,Tuvalu,11069
Tuvalu,7,Oceania,43922357
Uganda,1,Uganda,10317212
Uganda,1,Africa,355127136
Uganda,2,Uganda,13284026
Uganda,2,Africa,468252351
Uganda,3,Uganda,17586630
Uganda,3,Africa,620563999
Uganda,4,Uganda,24020697
Uganda,4,Africa,794925335
Uganda,5,Uganda,32341728
Uganda,5,Africa,1022886344
Uganda,6,Uganda,37477356
Uganda,6,Africa,1163625086
Uganda,7,Uganda,44404611
Uganda,7,Africa,1316267199
Ukraine,1,Ukraine,47279086
Ukraine,1,Europe,608644905
Ukraine,2,Ukraine,49973920
Ukraine,2,Europe,642553239
Ukraine,3,Ukraine,51589817
Ukraine,3,Europe,668730980
Ukraine,4,Ukraine,48879755
Ukraine,4,Europe,677213668
Ukraine,5,Ukraine,45683020
Ukraine,5,Europe,689930914
Ukraine,6,Ukraine,44982564
Ukraine,6,Europe,696553044
Ukraine,7,Ukraine,43909666
Ukraine,7,Europe,701882530
United Arab Emirates,1,United Arab Emirates,298084
United Arab Emirates,1,Asia,2144608206
United Arab Emirates,2,United Arab Emirates,1014048
United Arab Emirates,2,Asia,2634320180
United Arab Emirates,3,United Arab Emirates,1900151
United Arab Emirates,3,Asia,3208663426
United Arab Emirates,4,United Arab Emirates,3275333
United Arab Emirates,4,Asia,3731814271
United Arab Emirates,5,United Arab Emirates,8481771
United Arab Emirates,5,Asia,4211559556
United Arab Emirates,6,United Arab Emirates,8916899
United Arab Emirates,6,Asia,4449333283
United Arab Emirates,7,United Arab Emirates,9287289
United Arab Emirates,7,Asia,4653799246
United Kingdom,1,United Kingdom,55650166
United Kingdom,1,Europe,600273825
United Kingdom,2,United Kingdom,56326328
United Kingdom,2,Europe,636200831
United Kingdom,3,United Kingdom,57210442
United Kingdom,3,Europe,663110355
United Kingdom,4,United Kingdom,58850043
United Kingdom,4,Europe,667243380
United Kingdom,5,United Kingdom,62760039
United Kingdom,5,Europe,672853895
United Kingdom,6,United Kingdom,65224364
United Kingdom,6,Europe,676311244
United Kingdom,7,United Kingdom,67059474
United Kingdom,7,Europe,678732722
United States,1,United States,200328340
United States,1,North America,115106266
United States,2,United States,223140018
United States,2,North America,145153343
United States,3,United States,248083732
United States,3,North America,173182693
United States,4,United States,282398554
United States,4,North America,203671030
United States,5,United States,311182845
United States,5,North America,231537806
United States,6,United States,324607776
United States,6,North America,245776074
United States,7,United States,335942003
United States,7,North America,258294590
United States Virgin Islands,1,United States Virgin Islands,63446
United States Virgin Islands,1,North America,315371160
United States Virgin Islands,2,United States Virgin Islands,96640
United States Virgin Islands,2,North America,368196721
United States Virgin Islands,3,United States Virgin Islands,100685
United States Virgin Islands,3,North America,421165740
United States Virgin Islands,4,United States Virgin Islands,108185
United States Virgin Islands,4,North America,485961399
United States Virgin Islands,5,United States Virgin Islands,106142
United States Virgin Islands,5,North America,542614509
United States Virgin Islands,6,United States Virgin Islands,102803
United States Virgin Islands,6,North America,570281047
United States Virgin Islands,7,United States Virgin Islands,100442
United States Virgin Islands,7,North America,594136151
Uruguay,1,Uruguay,2790265
Uruguay,1,South America,190156891
Uruguay,2,Uruguay,2953750
Uruguay,2,South America,238835256
Uruguay,3,Uruguay,3117012
Uruguay,3,South America,294029403
Uruguay,4,Uruguay,3292224
Uruguay,4,South America,346342058
Uruguay,5,Uruguay,3352651
Uruguay,5,South America,389725599
Uruguay,6,Uruguay,3402818
Uruguay,6,South America,409731578
Uruguay,7,Uruguay,3429086
Uruguay,7,South America,428100957
Uzbekistan,1,Uzbekistan,12011361
Uzbekistan,1,Asia,2132894929
Uzbekistan,2,Uzbekistan,15947129
Uzbekistan,2,Asia,2619387099
Uzbekistan,3,Uzbekistan,20579100
Uzbekistan,3,Asia,3189984477
Uzbekistan,4,Uzbekistan,24925554
Uzbekistan,4,Asia,3710164050
Uzbekistan,5,Uzbekistan,28614227
Uzbekistan,5,Asia,4191427100
Uzbekistan,6,Uzbekistan,30949417
Uzbekistan,6,Asia,4427300765
Uzbekistan,7,Uzbekistan,33526656
Uzbekistan,7,Asia,4629559879
Vanuatu,1,Vanuatu,87019
Vanuatu,1,Oceania,19393251
Vanuatu,2,Vanuatu,118156
Vanuatu,2,Oceania,22802084
Vanuatu,3,Vanuatu,150882
Vanuatu,3,Oceania,26592940
Vanuatu,4,Vanuatu,192074
Vanuatu,4,Oceania,31030704
Vanuatu,5,Vanuatu,245453
Vanuatu,5,Oceania,36857311
Vanuatu,6,Vanuatu,276438
Vanuatu,6,Oceania,40126845
Vanuatu,7,Vanuatu,311685
Vanuatu,7,Oceania,43621741
Vatican City,1,Vatican City,752
Vatican City,1,Europe,655923239
Vatican City,2,Vatican City,733
Vatican City,2,Europe,692526426
Vatican City,3,Vatican City,700
Vatican City,3,Europe,720320097
Vatican City,4,Vatican City,651
Vatican City,4,Europe,726092772
Vatican City,5,Vatican City,596
Vatican City,5,Europe,735613338
Vatican City,6,Vatican City,564
Vatican City,6,Europe,741535044
Vatican City,7,Vatican City,520
Vatican City,7,Europe,745791676
Venezuela,1,Venezuela,11355475
Venezuela,1,South America,181591681
Venezuela,2,Venezuela,15210443
Venezuela,2,South America,226578563
Venezuela,3,Venezuela,19750579
Venezuela,3,South America,277395836
Venezuela,4,Venezuela,24427729
Venezuela,4,South America,325206553
Venezuela,5,Venezuela,28715022
Venezuela,5,South America,364363228
Venezuela,6,Venezuela,30529716
Venezuela,6,South America,382604680
Venezuela,7,Venezuela,28490453
Venezuela,7,South America,403039590
Vietnam,1,Vietnam,41928849
Vietnam,1,Asia,2102977441
Vietnam,2,Vietnam,52968270
Vietnam,2,Asia,2582365958
Vietnam,3,Vietnam,66912613
Vietnam,3,Asia,3143650964
Vietnam,4,Vietnam,79001142
Vietnam,4,Asia,3656088462
Vietnam,5,Vietnam,87411012
Vietnam,5,Asia,4132630315
Vietnam,6,Vietnam,92191398
Vietnam,6,Asia,4366058784
Vietnam,7,Vietnam,96648685
Vietnam,7,Asia,4566437850
Wallis and Futuna,1,Wallis and Futuna,9377
Wallis and Futuna,1,Oceania,19470893
Wallis and Futuna,2,Wallis and Futuna,11315
Wallis and Futuna,2,Oceania,22908925
Wallis and Futuna,3,Wallis and Futuna,13454
Wallis and Futuna,3,Oceania,26730368
Wallis and Futuna,4,Wallis and Futuna,14723
Wallis and Futuna,4,Oceania,31208055
Wallis and Futuna,5,Wallis and Futuna,13142
Wallis and Futuna,5,Oceania,37089622
Wallis and Futuna,6,Wallis and Futuna,12182
Wallis and Futuna,6,Oceania,40391101
Wallis and Futuna,7,Wallis and Futuna,11655
Wallis and Futuna,7,Oceania,43921771
Western Sahara,1,Western Sahara,76371
Western Sahara,1,Africa,365367977
Western Sahara,2,Western Sahara,116775
Western Sahara,2,Africa,481419602
Western Sahara,3,Western Sahara,178529
Western Sahara,3,Africa,637972100
Western Sahara,4,Western Sahara,270375
Western Sahara,4,Africa,818675657
Western Sahara,5,Western Sahara,413296
Western Sahara,5,Africa,1054814776
Western Sahara,6,Western Sahara,491824
Western Sahara,6,Africa,1200610618
Western Sahara,7,Western Sahara,556048
Western Sahara,7,Africa,1360115762
Yemen,1,Yemen,6843607
Yemen,1,Asia,2138062683
Yemen,2,Yemen,9204938
Yemen,2,Asia,2626129290
Yemen,3,Yemen,13375121
Yemen,3,Asia,3197188456
Yemen,4,Yemen,18628700
Yemen,4,Asia,3716460904
Yemen,5,Yemen,24743946
Yemen,5,Asia,4195297381
Yemen,6,Yemen,28516545
Yemen,6,Asia,4429733637
Yemen,7,Yemen,32284046
Yemen,7,Asia,4630802489
Zambia,1,Zambia,4281671
Zambia,1,Africa,361162677
Zambia,2,Zambia,5720438
Zambia,2,Africa,475815939
Zambia,3,Zambia,7686401
Zambia,3,Africa,630464228
Zambia,4,Zambia,9891136
Zambia,4,Africa,809054896
Zambia,5,Zambia,13792086
Zambia,5,Africa,1041435986
Zambia,6,Zambia,16248230
Zambia,6,Africa,1184854212
Zambia,7,Zambia,18927715
Zambia,7,Africa,1341744095
Zimbabwe,1,Zimbabwe,5202918
Zimbabwe,1,Africa,360241430
Zimbabwe,2,Zimbabwe,7049926
Zimbabwe,2,Africa,474486451
Zimbabwe,3,Zimbabwe,10113893
Zimbabwe,3,Africa,628036736
Zimbabwe,4,Zimbabwe,11834676
Zimbabwe,4,Africa,807111356
Zimbabwe,5,Zimbabwe,12839771
Zimbabwe,5,Africa,1042388301
Zimbabwe,6,Zimbabwe,14154937
Zimbabwe,6,Africa,1186947505
Zimbabwe,7,Zimbabwe,15669666
Zimbabwe,7,Africa,1345002144
